4194061,22,9969032,2411,5,17,3,3,1,4,1,10
4194061,22,3046160,145025,5,17,1,3,1,2,1,4,1,4,1,4
4194061,22,7614272,7429,5,17,1,1,2,6,1,1,1,9
4194061,22,5254472,5287,5,17,2,3,1,2,1,3,1,9
4194061,22,3088928,70057,5,17,1,2,1,3,1,2,1,5,1,5
4194061,22,9371810,557,5,17,1,1,1,1,2,1,1,14
4194061,22,3714440,39677,5,17,1,1,1,3,1,4,1,3,1,6
4194061,22,7825952,19249,5,17,1,4,1,1,2,5,1,7
4194061,22,7618592,9989,5,17,1,1,2,5,1,3,1,8
4194061,22,2580512,80641,5,17,1,3,1,3,1,3,1,3,1,5
4194061,22,8487560,1801,5,17,1,2,1,1,2,3,1,11
4194061,22,6000896,23441,5,17,1,5,2,4,2,8
4194061,893,1134732872,28157,459,434,1,1,1,3,1,1,1,2,1,1,1,2,6,1,1,2,1,3,2,2,1,2,1,1,5,1,4,3,4,3,1,2,1,4,2,1,2,2,3,4,4,1,1,3,1,3,3,1,2,3,3,2,1,7,1,1,3,2,3,2,1,1,4,3,8,1,2,1,1,1,1,2,1,1,1,2,3,1,2,5,1,1,2,1,2,2,3,1,2,2,1,1,3,2,1,1,3,2,1,1,1,2,2,5,1,2,2,2,1,1,1,3,4,2,2,1,1,1,1,2,1,3,1,1,2,2,7,1,3,2,4,1,4,1,3,3,1,2,1,1,1,1,2,3,2,1,2,2,4,2,1,3,1,1,3,1,1,3,1,3,2,1,2,2,3,1,2,1,1,1,1,3,1,2,1,1,1,2,1,5,2,4,1,5,1,1,2,2,4,3,3,1,2,1,1,3,4,2,3,3,1,3,1,2,1,1,5,1,2,2,2,2,2,3,1,1,7,2,1,2,2,1,2,1,2,2,1,1,1,1,3,2,1,6,3,1,4,2,5,1,3,1,2,1,1,1,4,2,4,1,3,4,4,3,2,5,2,3,1,2,2,2,1,1,1,1,1,1,1,2,1,2,1,1,5,1,2,1,1,1,1,5,3,2,3,1,5,1,1,1,2,4,2,2,4,1,1,1,2,1,2,1,1,1,1,2,1,1,3,2,1,1,1,1,2,2,2,1,1,2,2,5,2,2,2,3,1,1,2,2,1,2,1,3,2,1,2,1,1,1,1,1,2,1,2,1,2,4,3,2,2,1,2,1,1,2,2,1,2,2,1,7,2,2,1,1,3,2,3,1,1,4,1,1,1,2,1,1,2,1,2,1,1,1,1,2,1,1,3,1,5,1,2,1,1,2,1,1,1,1,1,1,1,1,5,4,1,1,8,1,1,3,1,2,2,2,4,2,2,3,1,1,1,1,1,1,1,2,1,1,3,3,4,1,3,3,2,2,2,3,3,2,1,1,2,1,1,1,2,1,2,5,2,8
4194061,22,4261892,5449,5,17,1,2,1,1,1,2,1,3,1,9
4194061,22,13583360,13265,5,17,1,6,1,1,3,10
4194061,22,7964672,3889,5,17,1,4,1,1,2,1,1,11
4194061,22,4946432,9661,5,17,1,1,1,5,1,1,1,1,1,9
4194061,22,5309984,29959,5,17,2,5,1,4,1,1,1,7
4194061,22,5450816,85169,5,17,1,4,1,2,1,5,2,6
4194061,22,5948480,69889,5,17,1,3,1,3,2,6,1,5
4194061,22,11012096,5377,5,17,1,3,1,3,3,11
4194061,22,4375616,68369,5,17,1,5,1,3,1,2,1,1,1,6
4194061,22,5404808,72103,5,17,2,3,1,5,1,4,1,5
4194061,22,4371080,11393,5,17,1,3,1,2,1,1,1,3,1,8
4194061,22,4076168,11177,5,17,1,2,1,3,1,1,1,3,1,8
4194061,22,7881728,7697,5,17,1,5,1,1,2,1,1,10
4194061,22,8489504,4873,5,17,1,2,1,1,2,5,1,9
4194061,22,3716384,41405,5,17,1,1,1,5,1,2,1,3,1,6
4194061,22,5943620,8449,5,17,1,3,1,3,2,2,1,9
4194061,22,11472896,2801,5,17,1,4,2,1,2,12
4194061,22,5561984,43453,5,17,1,1,1,5,1,4,2,7
4194061,22,5583872,5453,5,17,1,1,1,1,1,5,2,10
4194061,22,5340800,41725,5,17,1,1,1,3,1,6,2,7
4194061,22,5398544,69319,5,17,2,4,1,3,1,5,1,5
4194061,22,13510784,4405,5,17,1,1,3,7,1,9
4194061,22,6026240,5885,5,17,1,1,1,3,1,3,2,10
4194061,22,5779712,22577,5,17,1,4,1,1,1,4,2,8
4194061,22,5248208,2503,5,17,2,4,1,1,1,1,1,11
4194061,22,4287812,28945,5,17,1,5,1,2,1,1,1,2,1,7
4194061,22,4868096,2377,5,17,1,2,1,1,1,2,1,1,1,11
4194061,22,9454592,9233,5,17,1,5,1,1,1,1,2,10
4194061,22,7660064,34565,5,17,1,1,2,5,1,5,1,6
4194061,22,10017416,16747,5,17,3,3,1,7,1,7
4194061,22,3875360,71209,5,17,1,2,1,4,1,1,1,5,1,5
4194061,22,3979400,69697,5,17,1,3,1,1,1,3,1,5,1,5
4194061,937,4290509936,26825,469,468,1,2,1,1,1,1,2,1,3,1,3,3,2,3,1,7,2,1,3,3,1,3,4,1,3,1,3,2,1,2,1,3,1,1,8,2,1,2,2,1,1,2,4,2,2,2,1,1,2,2,3,2,2,3,1,1,3,2,1,1,1,1,1,1,5,1,1,1,1,1,1,1,1,1,1,1,4,2,3,1,5,1,2,3,9,1,1,1,2,1,1,1,5,4,2,4,1,1,2,1,1,1,3,1,4,8,6,1,1,4,2,2,2,2,1,1,1,1,2,1,5,1,2,2,1,2,1,1,1,1,4,2,1,2,2,1,1,1,1,1,1,1,1,1,1,1,1,1,8,1,1,1,4,7,1,2,1,2,1,3,1,5,2,3,1,1,3,8,4,3,2,1,2,2,5,1,4,2,1,2,1,1,2,2,2,2,1,2,1,2,2,2,2,3,3,1,1,1,5,5,3,5,1,2,3,1,2,2,1,1,3,5,1,2,1,4,1,1,2,1,5,1,2,1,1,4,3,1,6,2,6,2,1,1,1,2,1,5,1,3,2,2,1,4,1,1,1,1,3,2,2,2,3,1,1,1,1,2,3,4,1,2,2,3,1,2,1,3,2,2,4,4,3,1,1,1,1,3,1,1,1,2,1,6,2,2,1,1,5,1,1,2,2,9,5,2,1,1,3,1,3,1,2,3,1,2,2,2,5,1,1,1,1,1,2,2,4,1,2,6,2,2,1,2,3,1,2,2,1,2,2,1,1,2,2,1,2,2,1,3,3,4,3,1,1,3,1,7,2,2,1,4,3,1,1,4,4,1,1,2,2,3,2,3,2,1,1,1,1,2,2,2,5,1,5,3,1,1,2,1,2,4,1,3,1,1,4,2,1,1,4,1,1,2,2,2,8,3,1,1,1,1,3,1,1,2,1,5,2,3,1,1,1,1,2,4,3,2,4,3,1,1,1,1,3,6,1,1,1,2,1,3,1,1,1,1,2,2,3,1,1,2,2,1,1,2,1,8
4194061,22,4297856,33577,5,17,1,2,1,5,1,2,1,1,1,7
4194061,22,4851176,2125,5,17,1,1,1,1,1,3,1,1,1,11
4194061,22,10058240,19645,5,17,1,1,1,7,3,9
4194061,22,9991712,9131,5,17,3,5,1,4,1,8
4194061,22,27656192,211,5,17,5,17
4194061,22,5861648,69409,5,17,1,3,2,4,1,5,1,5
4194061,22,6090752,1487,5,17,2,1,1,4,2,12
4194061,22,17039522,227,5,17,4,1,1,16
4194061,22,3781760,29545,5,17,1,2,1,2,1,5,1,1,1,7
4194061,22,6031688,1615,5,17,2,1,1,3,1,2,1,11
4194061,22,10866944,33761,5,17,1,3,3,8,1,6
4194061,22,4906256,39953,5,17,1,5,1,1,1,1,1,4,1,6
4194061,22,16449536,251,5,17,3,1,2,16
4194061,22,3877952,60593,5,17,1,4,1,2,1,4,1,1,1,6
4194061,22,4391168,17153,5,17,1,3,1,3,1,2,1,1,1,8
4194061,22,17039684,259,5,17,4,2,1,15
4194061,236,1253726786,114931,124,112,14,1,1,3,2,3,2,2,3,4,4,3,1,1,4,3,4,4,1,2,4,1,3,1,1,1,2,2,1,2,2,1,4,1,1,3,1,2,2,1,1,4,1,1,1,1,5,4,2,4,1,1,1,1,2,4,1,1,1,1,1,2,4,1,7,1,4,3,1,2,1,1,1,1,1,1,4,1,4,1,1,2,6,4,1,1,1,5,1,2,1,5,1,1,1,2,3,2,4,3,1,1,2,7
4194061,22,6474272,9377,5,17,1,3,2,1,1,5,1,8
4194061,22,7609412,4549,5,17,1,1,2,2,1,5,1,9
4194061,22,5287952,20167,5,17,2,4,1,3,1,3,1,7
4194061,22,9961850,283,5,17,3,1,1,1,1,15
4194061,22,18808832,287,5,17,2,1,3,16
4194061,22,6053504,14543,5,17,2,1,1,7,1,1,1,8
4194061,22,10073360,23761,5,17,1,6,3,4,1,7
4194061,22,5275784,14759,5,17,2,3,1,5,1,1,1,8
4194061,22,3893504,15209,5,17,1,2,1,2,1,4,1,1,1,8
4194061,22,11141282,319,5,17,2,1,2,1,1,15
4194061,22,17040008,323,5,17,4,3,1,14
4194061,22,10265600,10025,5,17,1,2,1,5,3,10
4194061,22,10846208,331,5,17,3,2,2,15
4194061,22,6875264,34025,5,17,1,2,1,2,2,7,1,6
4194061,22,5282768,17863,5,17,2,4,1,1,1,5,1,7
4194061,22,22347776,341,5,17,1,1,4,16
4194061,22,9962066,347,5,17,3,1,1,2,1,14
4194061,22,8528384,16657,5,17,1,5,1,2,1,1,2,9
4194061,22,6145088,68815,5,17,2,1,1,6,1,5,1,5
4194061,22,3819848,24625,5,17,1,4,1,1,1,3,1,2,1,7
4194061,22,6057608,16975,5,17,2,1,1,3,1,6,1,7
4194061,22,12025856,367,5,17,2,1,1,1,2,15
4194061,22,6646304,18817,5,17,1,3,1,2,2,5,1,7
4194061,22,13500578,373,5,17,1,1,3,1,1,15
4194061,22,5898368,46081,5,17,1,3,1,4,1,3,2,7
4194061,22,11141444,383,5,17,2,1,2,2,1,14
4194061,22,5399840,69895,5,17,2,5,1,2,1,5,1,5
4194061,22,8193296,1399,5,17,2,2,2,4,1,11
4194061,22,9962228,395,5,17,3,2,1,1,1,14
4194061,849,5854084796,49469,449,400,1,1,1,4,1,2,1,1,3,1,2,1,2,3,1,1,1,2,1,2,3,2,2,1,4,1,1,2,2,1,1,1,3,2,2,1,2,1,1,1,1,2,4,1,2,1,1,1,1,3,3,1,2,2,1,1,1,3,2,1,2,1,1,2,1,1,2,2,4,6,2,1,1,1,2,1,1,1,4,1,3,1,2,2,1,1,1,1,1,2,1,1,2,1,1,2,1,2,2,1,1,2,1,1,4,1,1,1,2,1,4,2,6,1,1,1,2,2,2,1,2,2,3,1,5,1,5,1,3,2,2,1,1,1,3,1,2,1,1,1,3,1,1,1,3,2,2,1,1,1,1,1,1,1,1,1,2,1,1,1,1,1,4,1,1,3,1,3,1,7,4,1,1,2,4,2,1,2,1,2,1,1,2,3,2,3,1,2,1,3,1,3,2,1,1,1,1,1,1,2,1,1,1,3,1,1,1,2,1,1,5,1,1,3,1,3,2,2,1,1,14,1,1,2,1,5,3,2,1,1,1,5,1,1,1,2,2,4,3,2,5,2,3,1,1,4,1,1,1,1,1,2,3,4,2,1,1,1,1,2,5,1,2,1,3,3,2,1,2,1,1,1,1,2,2,2,1,3,2,2,3,1,5,1,1,9,1,1,1,1,1,2,3,4,3,1,3,1,3,1,1,4,1,1,2,1,1,1,1,1,6,3,6,2,1,1,1,1,3,1,3,3,6,1,1,1,6,1,1,1,2,1,2,1,2,1,2,1,1,3,4,1,1,1,1,3,1,1,1,7,2,3,4,2,2,1,3,2,1,2,2,3,6,1,4,1,1,2,4,1,1,2,2,8,3,3,3,6,1,1,1,1,3,3,1,1,1,1,2,3,1,3,2,3,1,1,3,2,2,2,1,1,1,1,3,1,3,1,2,1,2,1,2,3,3,2,1,2,2,2,1,2,5,2,2,1,1,2,3,1,2,1,1,1,2,1,2,6,3,8
4194061,22,7824656,11057,5,17,1,4,1,1,2,4,1,8
4194061,22,7723136,60337,5,17,1,4,1,5,1,1,2,7
4194061,22,13795328,421,5,17,1,1,2,1,2,15
4194061,22,5835080,6433,5,17,1,3,2,3,1,2,1,9
4194061,22,7061504,431,5,17,2,1,1,1,1,1,1,14
4194061,22,3063872,47873,5,17,1,3,1,3,1,3,1,2,1,6
4194061,22,4290080,72265,5,17,1,2,1,1,1,5,1,4,1,5
4194061,22,13500740,437,5,17,1,1,3,2,1,14
4194061,22,14385152,439,5,17,2,2,3,15
4194061,22,5501576,12221,5,17,1,1,1,5,2,3,1,8
4194061,22,17040656,451,5,17,4,4,1,13
4194061,22,5285792,19207,5,17,2,5,1,1,1,4,1,7
4194061,22,6726656,6569,5,17,1,2,1,3,1,2,2,10
4194061,22,6277664,9341,5,17,1,1,1,3,2,5,1,8
4194061,22,3993224,44465,5,17,1,4,1,3,1,1,1,3,1,6
4194061,22,9962498,475,5,17,3,1,1,3,1,13
4194061,871,1343827568,19795,454,417,5,2,3,1,8,1,2,3,5,2,1,1,1,1,1,2,1,5,2,1,2,1,1,1,7,2,1,1,2,1,3,1,3,2,1,1,4,2,3,1,1,5,4,1,1,2,1,2,1,1,2,1,2,6,2,1,5,1,1,1,1,1,2,4,1,1,3,2,1,1,2,2,4,1,4,4,3,3,1,2,1,1,2,2,1,3,1,1,1,1,1,1,1,1,1,1,2,3,1,1,6,1,1,1,6,2,2,2,1,2,1,2,2,1,2,1,3,1,3,1,4,4,5,1,5,1,2,2,1,1,1,2,2,1,3,1,1,1,3,1,1,1,2,1,1,1,5,1,3,4,2,3,3,4,3,1,3,4,2,4,1,1,1,1,1,1,1,4,2,1,1,3,2,2,1,1,1,1,1,5,1,2,1,2,1,3,3,1,1,2,2,2,2,2,1,4,1,2,3,1,1,1,1,1,1,4,1,1,3,1,1,1,1,4,2,1,6,1,2,1,1,3,1,1,1,1,4,1,1,2,6,5,3,1,2,1,1,1,1,1,4,1,1,1,2,1,5,1,3,1,3,1,2,2,1,3,1,4,1,1,1,1,2,1,1,1,1,2,1,1,2,4,1,1,1,1,3,4,2,1,2,1,1,4,1,3,2,1,5,1,1,2,1,1,2,1,7,2,2,1,1,2,1,2,2,1,4,1,1,1,1,1,5,2,1,1,1,3,2,1,2,1,1,6,1,1,3,1,2,2,1,4,3,1,1,2,1,6,1,1,2,4,1,1,2,1,1,2,2,2,1,2,2,1,2,1,2,1,2,1,4,1,2,1,1,2,1,2,3,2,2,1,2,1,1,1,2,3,1,2,1,2,1,2,1,5,2,1,2,1,2,3,1,1,2,3,1,2,1,4,2,1,2,3,7,4,1,1,2,4,1,1,1,1,1,2,4,1,2,2,1,3,1,1,1,2,2,2,1,2,2,1,1,5,9,3,2,1,5,1,1,5,1,9
4194061,22,7946240,485,5,17,1,1,2,1,1,1,1,14
4194061,22,9962552,491,5,17,3,3,2,14
4194061,22,16154624,493,5,17,1,1,1,1,3,15
4194061,22,3974432,46145,5,17,1,3,1,1,1,5,1,2,1,6
4194061,22,8241152,503,5,17,2,2,2,1,1,14
4194061,22,7970816,973,5,17,1,1,1,1,1,2,2,13
4194061,22,11141768,511,5,17,2,1,2,3,1,13
4194061,22,10030592,19591,5,17,2,8,3,9
4194061,22,9962660,523,5,17,3,2,1,2,1,13
4194061,22,8634368,527,5,17,2,1,1,2,2,14
4194061,22,3750980,72157,5,17,1,1,1,2,1,5,1,4,1,5
4194061,22,6619784,815,5,17,2,1,1,1,1,3,1,12
4194061,22,5391848,17297,5,17,1,5,2,3,1,1,1,8
4194061,22,6606848,1613,5,17,1,1,1,1,1,3,2,12
4194061,22,6619460,559,5,17,2,1,1,1,1,2,1,13
4194061,22,13501064,565,5,17,1,1,3,3,1,13
4194061,22,10193024,68779,5,17,3,7,1,5,1,5
4194061,22,9519104,581,5,17,1,1,2,2,2,14
4194061,22,10486784,10241,5,17,1,3,1,4,3,10
4194061,22,9814016,599,5,17,2,2,1,1,2,14
4194061,22,19693568,601,5,17,1,2,4,15
4194061,22,5420576,79111,5,17,2,5,1,4,1,3,1,5
4194061,22,7799108,613,5,17,1,1,2,1,1,2,1,13
4194061,22,9962984,619,5,17,3,3,1,1,1,13
4194061,22,6181376,12073,5,17,1,2,1,5,2,1,1,9
4194061,893,837430472,145595,459,434,3,1,3,1,1,1,2,3,1,1,2,2,2,3,2,4,3,4,3,2,3,1,4,6,1,1,1,2,3,3,2,2,1,1,2,3,1,3,5,2,2,1,1,3,1,5,2,2,2,1,1,1,2,4,4,2,1,1,2,1,2,1,2,3,2,1,2,2,2,1,1,2,3,1,2,1,3,2,3,1,2,2,4,1,1,1,2,2,3,5,3,1,3,1,3,1,4,2,2,2,2,2,1,2,1,4,2,1,2,1,2,1,1,2,2,1,3,1,3,1,1,1,1,1,8,1,1,1,3,3,1,2,3,1,2,2,3,1,1,2,3,1,6,2,3,2,1,3,1,3,1,1,2,6,3,2,5,1,2,3,3,1,1,5,1,1,1,1,4,1,1,4,1,1,2,2,7,4,2,4,3,1,1,1,1,1,2,1,1,1,1,3,1,2,3,1,4,2,3,1,7,1,1,3,1,3,1,1,1,2,1,2,1,4,2,4,1,1,1,1,3,1,1,1,2,3,4,2,1,6,2,2,1,3,3,1,1,3,2,4,5,1,4,2,1,3,2,1,2,2,1,2,3,1,2,1,1,2,1,2,5,3,1,1,1,2,3,3,2,2,1,3,3,1,2,2,7,1,1,1,1,1,1,1,1,2,1,2,7,1,1,1,2,3,1,3,2,1,1,4,1,2,2,1,3,1,4,2,1,1,1,1,1,2,1,2,1,3,4,1,1,2,2,1,6,1,2,1,1,1,1,2,1,1,3,2,1,3,4,1,1,3,3,4,2,2,2,3,2,1,3,4,1,3,1,2,2,1,1,2,1,2,1,2,4,2,1,1,1,2,2,1,1,1,2,1,1,2,1,1,4,1,2,2,1,1,1,1,1,4,1,2,2,3,1,1,2,3,1,2,1,1,1,3,3,6,2,5,3,2,2,2,3,1,2,1,2,2,1,3,1,1,1,1,1,1,2,2,5,1,6,1,1,3,1,3,2,2,1,6
4194061,22,8192324,631,5,17,2,2,2,2,1,13
4194061,22,4722944,18449,5,17,1,5,1,1,1,2,1,1,1,8
4194061,22,5335364,16007,5,17,2,7,2,2,1,8
4194061,22,10698752,653,5,17,1,1,1,1,1,1,2,14
4194061,22,6030068,655,5,17,2,1,1,2,1,1,1,13
4194061,22,7715360,38417,5,17,1,5,1,1,2,5,1,6
4194061,22,11731106,665,5,17,1,2,3,1,1,14
4194061,22,17205248,8401,5,17,1,6,4,11
4194061,22,6460544,45497,5,17,1,2,2,7,1,2,1,6
4194061,22,9371972,685,5,17,1,1,1,1,2,2,1,13
4194061,22,6685184,13057,5,17,1,3,1,3,1,2,2,9
4194061,849,410893436,50875,449,400,3,1,3,1,4,1,1,3,3,1,1,1,1,2,2,2,3,2,1,7,1,1,1,2,1,1,2,2,2,2,3,1,4,1,6,2,2,1,3,3,1,1,3,2,4,2,4,4,1,1,2,2,5,2,1,1,1,2,2,1,1,1,1,2,1,2,1,2,1,1,3,1,2,1,3,1,4,4,1,3,1,1,2,7,1,1,2,1,3,1,4,4,2,3,3,1,1,5,1,1,1,2,2,1,1,3,1,1,1,2,1,1,1,1,1,1,1,3,3,1,2,2,1,1,1,1,2,1,1,2,1,1,1,1,3,1,1,3,1,1,5,1,2,1,1,1,1,1,1,1,1,2,3,5,8,3,3,1,2,5,1,4,2,5,2,1,3,2,5,1,1,5,1,1,3,1,1,3,3,2,1,1,4,2,1,1,1,1,1,1,2,4,3,2,1,1,1,1,1,2,2,1,2,1,1,2,2,2,2,1,4,2,1,1,4,2,1,1,1,1,2,1,4,1,3,1,1,2,1,3,2,2,1,1,1,1,1,1,1,1,1,2,1,1,1,1,2,1,2,4,1,1,1,1,5,1,2,1,2,1,1,1,2,1,2,3,4,1,1,1,3,3,1,1,1,1,2,1,3,2,4,2,1,1,3,1,4,1,1,1,1,2,1,3,1,2,10,4,1,1,2,1,4,1,1,1,2,1,1,1,2,1,2,2,2,1,1,2,3,3,1,1,1,3,1,2,1,2,5,2,1,2,2,3,2,1,2,1,1,1,2,3,5,1,3,1,1,1,2,5,4,1,1,1,2,1,1,2,2,1,2,1,1,2,3,1,2,1,3,1,1,1,1,4,1,1,3,2,1,4,1,3,1,2,3,3,1,4,1,1,4,1,1,3,4,1,2,1,1,3,4,1,4,3,1,5,3,1,1,1,4,1,4,3,1,1,1,1,1,2,5,2,3,1,1,2,1,3,2,1,2,2,1,1,3,2,4,2,1,3,1,1,1,7
4194061,22,17041952,707,5,17,4,5,1,12
4194061,22,7602932,709,5,17,1,1,2,2,1,1,1,13
4194061,22,3692552,20221,5,17,1,1,1,3,1,3,1,3,1,7
4194061,22,4453376,4349,5,17,1,1,1,3,1,2,1,1,1,10
4194061,22,10182818,4753,5,17,1,5,3,1,1,11
4194061,22,5955584,727,5,17,2,2,1,1,1,1,1,13
4194061,22,9963362,731,5,17,3,1,1,4,1,12
4194061,22,12173312,743,5,17,2,3,3,14
4194061,22,4861760,14669,5,17,1,1,1,1,1,6,1,1,1,8
4194061,22,12468224,761,5,17,1,2,2,1,2,14
4194061,22,11142416,767,5,17,2,1,2,4,1,12
4194061,22,6064256,47377,5,17,1,5,1,2,1,3,2,7
4194061,22,9963524,779,5,17,3,2,1,3,1,12
4194061,22,6397952,781,5,17,1,1,1,1,1,1,1,1,1,13
4194061,22,5247560,2215,5,17,2,3,1,2,1,1,1,11
4194061,22,11731268,793,5,17,1,2,3,2,1,13
4194061,22,5423168,80263,5,17,2,6,1,3,1,3,1,5
4194061,22,13058048,797,5,17,1,1,1,2,3,14
4194061,22,6476864,17569,5,17,1,3,2,1,1,6,1,7
4194061,22,9963632,811,5,17,3,4,2,13
4194061,22,13501712,821,5,17,1,1,3,4,1,12
4194061,22,13832192,3377,5,17,1,4,1,1,3,12
4194061,22,4267076,17737,5,17,1,2,1,1,1,2,1,5,1,7
4194061,22,7717952,68869,5,17,1,1,2,6,1,5,1,5
4194061,22,3747848,69373,5,17,1,1,1,3,1,3,1,5,1,5
4194061,22,6938624,847,5,17,2,1,1,3,2,13
4194061,981,2370038996,26233,479,502,1,2,2,1,1,3,1,2,1,2,6,1,5,2,1,5,3,2,1,1,2,4,4,4,2,1,1,1,1,1,3,3,1,1,2,2,2,1,1,2,1,3,2,4,4,1,1,4,2,2,4,4,2,1,1,2,1,1,1,4,1,4,1,2,6,1,1,1,3,2,2,3,1,1,2,2,2,1,2,4,2,1,2,1,2,4,1,2,11,1,3,2,1,1,1,4,1,1,2,3,3,3,1,1,4,2,2,1,1,6,1,1,3,1,1,2,1,2,2,1,7,1,1,2,1,1,3,1,1,1,1,1,1,4,4,1,1,2,1,3,4,2,3,2,2,1,3,3,5,1,1,1,1,1,1,2,1,1,1,1,3,1,1,3,1,2,1,4,3,1,1,2,1,2,1,2,2,2,2,5,1,3,5,4,2,2,2,4,3,1,1,1,2,1,2,9,2,6,1,2,1,1,1,1,7,6,1,1,3,5,1,1,2,2,1,1,1,1,3,1,3,2,1,2,1,4,4,1,1,1,1,1,1,3,1,1,1,2,1,1,1,1,1,4,2,1,4,1,1,2,1,2,1,5,4,4,1,1,3,2,3,3,3,1,2,2,1,2,1,1,1,1,1,1,1,4,1,1,2,3,1,3,3,1,1,2,9,3,2,1,1,3,2,2,1,1,2,1,2,1,1,1,12,1,2,1,2,2,1,1,3,4,1,1,1,1,1,1,4,2,3,2,4,1,2,4,4,3,5,1,1,1,3,1,1,5,3,1,1,1,1,1,1,1,1,2,4,1,1,2,1,3,1,4,1,4,5,3,2,1,4,2,1,1,2,1,5,4,1,2,1,1,1,6,4,2,1,1,5,1,1,1,1,1,4,2,1,2,1,2,2,1,3,5,4,6,1,1,1,1,4,1,1,1,2,6,1,1,1,2,5,2,1,3,2,1,2,1,2,3,1,1,1,4,1,1,3,4,2,1,2,3,3,1,1,2,1,1,1,2,1,1,1,3,2,4,1,1,1,2,1,4,1,4,1,1,1,2,2,1,1,3,2,1,3,3,1,4,1,1,1,2,3,9
4194061,22,7795712,7613,5,17,1,1,1,5,1,1,2,10
4194061,22,7616648,8837,5,17,1,1,2,3,1,5,1,8
4194061,22,7799432,869,5,17,1,1,2,1,1,3,1,12
4194061,22,7135232,871,5,17,2,3,2,1,1,13
4194061,22,9963848,875,5,17,3,3,1,2,1,12
4194061,22,3831944,87985,5,17,1,4,1,4,1,1,1,3,1,5
4194061,22,8192648,887,5,17,2,2,2,3,1,12
4194061,22,7282688,889,5,17,1,2,2,1,1,1,1,13
4194061,22,4855712,7501,5,17,1,1,1,1,1,5,1,1,1,9
4194061,22,3773984,92605,5,17,1,1,1,5,1,4,1,2,1,5
4194061,22,7603256,901,5,17,1,1,2,3,2,13
4194061,22,14827520,905,5,17,1,2,1,1,3,14
4194061,22,6030500,911,5,17,2,1,1,2,1,2,1,12
4194061,22,7528448,919,5,17,2,2,1,2,2,13
4194061,22,7577600,925,5,17,1,1,1,2,2,1,1,13
4194061,22,6109184,2983,5,17,2,3,1,3,2,11
4194061,22,9372296,941,5,17,1,1,1,1,2,3,1,12
4194061,22,6644360,6529,5,17,1,3,1,2,2,3,1,9
4194061,22,11224064,10961,5,17,1,6,2,1,2,10
4194061,22,11143712,1279,5,17,2,1,2,5,1,11
4194061,22,7603364,965,5,17,1,1,2,2,1,2,1,12
4194061,22,5244788,983,5,17,2,2,1,1,1,2,1,12
4194061,22,3981344,78913,5,17,1,3,1,1,1,5,1,3,1,5
4194061,22,8487074,1033,5,17,1,2,1,1,2,1,1,13
4194061,22,5734724,1037,5,17,1,1,1,1,1,1,1,2,1,12
4194061,22,11731592,1049,5,17,1,2,3,3,1,12
4194061,22,5539844,11249,5,17,1,4,2,2,1,3,1,8
4194061,22,8708096,1063,5,17,2,3,1,1,2,13
4194061,22,9964496,1067,5,17,3,4,1,1,1,12
4194061,959,592259888,20239,474,485,2,1,1,2,4,2,1,6,3,1,1,1,4,6,3,2,1,1,1,1,2,2,1,1,5,3,3,1,2,4,1,1,3,1,1,3,2,1,1,1,8,4,1,1,1,2,1,1,1,1,2,1,2,5,1,2,4,2,2,2,2,2,1,1,4,1,3,2,2,1,1,1,2,1,2,1,1,1,2,3,1,1,1,1,3,2,2,2,1,1,5,1,1,2,1,3,11,4,6,1,1,5,1,3,3,3,2,5,1,3,2,1,1,1,2,1,3,4,3,2,1,2,1,1,2,1,1,2,2,1,5,1,1,1,3,1,1,1,1,1,1,1,1,7,1,1,3,2,3,1,2,1,1,1,3,2,1,4,1,4,1,1,3,1,1,4,2,3,1,2,2,1,1,2,4,1,2,1,3,1,1,3,1,4,1,3,4,5,2,4,2,1,3,1,2,2,1,1,1,4,1,1,1,3,3,2,5,1,3,1,2,2,3,3,1,1,1,2,1,1,1,1,1,2,1,5,2,1,4,1,3,3,1,3,1,4,2,4,2,1,3,7,2,2,3,1,1,1,2,2,1,2,11,2,1,1,2,3,2,1,4,1,1,1,2,2,2,2,1,2,2,1,3,2,3,2,2,1,1,1,5,8,4,3,3,1,1,4,1,7,1,2,1,2,1,2,2,2,1,2,6,1,3,1,2,1,1,1,1,2,5,1,1,2,1,3,2,3,3,1,2,1,2,3,2,3,2,1,1,2,1,1,1,1,4,1,5,1,2,4,2,1,1,2,1,1,2,3,1,4,1,4,1,1,1,4,1,3,1,1,4,2,1,1,1,2,4,1,1,2,3,1,1,1,1,2,2,3,1,1,3,3,1,1,1,1,1,1,4,1,2,1,2,1,1,1,2,6,1,1,3,1,2,1,4,2,3,2,3,1,2,3,1,1,1,1,2,1,4,3,1,4,4,5,2,3,3,1,1,1,2,1,1,2,1,4,1,1,1,4,1,2,1,2,1,1,1,1,1,7,4,2,3,2,1,3,1,2,2,6,3,9
4194061,22,8855552,1081,5,17,1,2,2,2,2,13
4194061,22,6030824,1103,5,17,2,1,1,3,1,1,1,12
4194061,22,9150464,1117,5,17,1,1,1,2,1,1,2,13
4194061,22,18366464,1121,5,17,1,3,4,14
4194061,22,6717764,1127,5,17,2,3,2,2,1,12
4194061,22,6048320,11471,5,17,2,1,1,6,1,2,1,8
4194061,22,6914372,1145,5,17,1,2,2,1,1,2,1,12
4194061,959,302557880,29785,474,485,1,2,4,2,3,1,1,1,1,1,2,1,1,1,1,1,1,6,3,1,1,1,1,2,2,1,5,2,5,3,4,1,1,1,1,2,2,3,3,1,2,2,3,1,2,1,1,1,1,1,3,3,1,1,2,4,2,1,2,5,3,2,1,1,1,2,1,3,1,2,1,1,1,1,1,2,3,7,4,2,1,3,1,1,1,2,1,1,1,1,3,1,3,3,1,1,1,1,2,3,3,5,6,1,2,1,3,1,4,3,2,2,1,1,3,2,1,1,2,2,1,5,1,2,1,3,2,2,1,1,2,3,6,2,1,4,1,1,3,1,4,2,1,5,2,3,4,3,3,1,1,1,1,1,1,1,1,2,1,2,4,1,4,1,1,1,1,2,1,1,4,3,1,1,2,2,2,6,1,1,1,4,1,2,2,1,5,2,4,2,4,1,3,1,1,1,1,1,2,1,1,3,1,2,1,1,1,2,1,2,1,1,2,1,1,4,1,1,3,6,2,2,1,1,3,2,1,1,8,2,1,2,1,2,1,2,4,4,5,3,2,5,2,4,1,1,3,3,2,1,4,1,1,3,2,1,1,1,2,1,2,1,3,4,1,1,1,2,3,1,3,1,2,2,1,3,2,1,1,2,2,1,1,2,5,2,1,1,1,2,1,2,1,2,1,1,1,2,2,4,7,1,1,1,5,1,2,9,4,1,4,1,1,6,2,3,1,4,1,4,1,2,1,2,1,1,1,2,1,2,3,2,1,1,1,4,1,1,2,2,4,1,2,1,5,1,1,1,2,1,2,3,2,2,2,1,1,4,1,2,2,1,3,2,1,2,1,2,1,1,1,7,1,2,1,2,2,5,1,1,7,1,3,1,3,2,2,5,1,7,1,1,1,3,1,3,6,1,3,2,1,1,2,1,2,2,3,1,3,5,1,1,1,1,1,1,2,1,3,1,4,2,4,1,1,3,1,2,1,2,2,3,2,2,3,1,1,3,1,1,2,1,2,1,2,1,4,4,1,2,1,1,4,2,1,3,1,1,5,2,2,1,1,8,4,1,1,9
4194061,22,7603688,1157,5,17,1,1,2,3,1,1,1,12
4194061,22,5245220,1175,5,17,2,2,1,2,1,1,1,12
4194061,22,7307588,1181,5,17,1,1,1,2,2,2,1,12
4194061,22,5424896,21191,5,17,2,4,1,5,2,8
4194061,22,17044544,1219,5,17,4,6,1,11
4194061,22,10035200,1225,5,17,1,2,1,1,1,1,2,13
4194061,22,5033984,1229,5,17,1,1,1,1,1,2,1,1,1,12
4194061,22,9965090,1243,5,17,3,1,1,5,1,11
4194061,22,10846370,1249,5,17,1,3,3,1,1,13
4194061,22,3683336,12029,5,17,1,1,1,3,1,3,1,2,1,8
4194061,22,10183952,11921,5,17,1,5,3,4,1,8
4194061,22,8487236,1289,5,17,1,2,1,1,2,2,1,12
4194061,22,9965252,1291,5,17,3,2,1,4,1,11
4194061,22,7609736,4741,5,17,1,1,2,3,1,4,1,9
4194061,22,9382016,8621,5,17,1,1,1,1,2,7,1,8
4194061,22,3969032,20545,5,17,1,3,1,1,1,3,1,3,1,7
4194061,258,196288472,1315,129,129,4,1,5,1,3,3,4,3,2,1,1,3,1,3,1,1,2,1,2,2,2,2,4,1,1,3,3,1,2,2,1,3,3,1,3,2,2,1,2,1,2,5,2,1,1,2,1,1,1,1,4,2,4,1,1,1,2,1,1,1,5,3,3,1,2,2,1,2,2,1,4,6,1,2,1,4,3,1,2,4,5,1,1,2,1,1,2,1,1,1,2,2,2,3,1,5,1,2,4,1,1,1,1,2,6,2,3,4,2,2,1,1,1,4,1,2,1,3,1,11
4194061,22,5402624,1319,5,17,2,3,1,1,1,1,1,12
4194061,22,5428496,20359,5,17,2,6,2,4,1,7
4194061,22,6620432,1327,5,17,2,1,1,1,1,4,1,11
4194061,22,4188704,17917,5,17,1,1,1,3,1,1,1,5,1,7
4194061,22,13503008,1333,5,17,1,1,3,5,1,11
4194061,22,6423284,1337,5,17,1,2,2,2,1,1,1,12
4194061,22,4271936,29257,5,17,1,2,1,1,1,6,1,1,1,7
4194061,22,4864136,17485,5,17,1,1,1,1,1,3,1,5,1,7
4194061,22,11067392,1351,5,17,2,4,3,13
4194061,22,3826976,92209,5,17,1,4,1,1,1,5,1,2,1,5
4194061,22,5555072,43399,5,17,2,6,1,4,2,7
4194061,22,5623808,1373,5,17,1,1,1,2,1,1,1,1,1,12
4194061,22,7800080,1381,5,17,1,1,2,1,1,4,1,11
4194061,22,5943944,12545,5,17,1,3,1,3,2,3,1,8
4194061,22,9965576,1387,5,17,3,3,1,3,1,11
4194061,22,9392384,16813,5,17,1,1,1,1,2,8,1,7
4194061,22,11509760,1405,5,17,1,1,1,3,3,13
4194061,22,6031364,1423,5,17,2,1,1,2,1,3,1,11
4194061,22,11804672,1441,5,17,1,3,2,1,2,13
4194061,22,9965792,1451,5,17,3,5,2,12
4194061,22,9372944,1453,5,17,1,1,1,1,2,4,1,11
4194061,22,5546432,42481,5,17,1,4,2,6,2,7
4194061,22,7604228,1477,5,17,1,1,2,2,1,3,1,11
4194061,22,6066176,1481,5,17,1,2,1,1,1,1,1,1,1,12
4194061,22,5245940,1495,5,17,2,2,1,1,1,3,1,11
4194061,22,10846532,1505,5,17,1,3,3,2,1,12
4194061,22,12394496,1513,5,17,1,2,1,2,3,13
4194061,22,7605200,2053,5,17,1,1,2,4,1,1,1,11
4194061,22,7604336,1541,5,17,1,1,2,4,2,12
4194061,22,5735048,1549,5,17,1,1,1,1,1,1,1,3,1,11
4194061,22,6385664,1559,5,17,2,2,1,3,2,12
4194061,22,11732240,1561,5,17,1,2,3,4,1,11
4194061,22,9966224,1579,5,17,3,4,1,2,1,11
4194061,22,6582272,1607,5,17,2,4,2,1,1,12
4194061,22,5814272,2839,5,17,2,2,1,4,2,11
4194061,22,8047136,9665,5,17,1,3,1,1,2,5,1,8
4194061,22,6718088,1639,5,17,2,3,2,3,1,11
4194061,22,4743680,9265,5,17,1,4,1,1,1,2,1,1,1,9
4194061,22,4371728,19585,5,17,1,3,1,2,1,1,1,4,1,7
4194061,22,6914696,1657,5,17,1,2,2,1,1,3,1,11
4194061,22,6803456,1661,5,17,1,1,1,3,2,1,1,12
4194061,22,7604552,1669,5,17,1,1,2,3,1,2,1,11
4194061,22,3180872,12137,5,17,1,2,1,2,1,3,1,2,1,8
4194061,22,11146304,2303,5,17,2,1,2,6,1,10
4194061,22,5246372,1687,5,17,2,2,1,2,1,2,1,11
4194061,22,7307912,1693,5,17,1,1,1,2,2,3,1,11
4194061,22,6950912,1697,5,17,1,3,2,1,1,1,1,12
4194061,22,10099712,9863,5,17,2,7,3,10
4194061,22,6975488,1703,5,17,2,3,1,2,2,12
4194061,22,7049216,1721,5,17,1,2,2,3,2,12
4194061,22,14163968,1729,5,17,1,3,1,1,3,13
4194061,22,8497280,17161,5,17,1,2,1,1,2,7,1,7
4194061,893,2412284708,3959,459,434,2,2,2,3,2,2,9,1,1,3,1,1,1,3,1,4,2,1,4,2,2,2,1,1,1,2,1,3,2,2,2,1,1,1,1,2,1,2,2,2,1,3,4,1,3,2,4,1,1,3,1,1,1,2,1,1,1,1,1,5,3,1,2,1,1,1,3,1,1,1,1,3,2,1,2,4,2,1,1,1,1,2,1,1,1,1,1,2,1,1,1,1,1,3,3,1,1,1,1,2,4,4,8,2,6,1,1,1,2,1,1,1,1,3,2,1,4,1,1,2,3,1,2,1,8,1,2,2,1,2,1,1,1,1,3,1,1,4,1,2,3,1,2,1,8,1,4,1,2,1,2,3,3,2,1,4,4,3,1,1,2,2,3,1,2,1,4,1,1,1,3,5,3,1,4,1,1,1,2,2,2,2,3,3,1,2,2,1,1,2,2,2,3,2,1,1,2,3,4,1,1,5,2,2,1,2,2,3,1,8,1,1,1,3,2,1,1,2,1,2,7,4,1,2,1,3,1,1,3,1,2,2,1,2,4,2,8,2,1,3,2,3,2,2,1,1,2,1,3,2,1,3,1,1,1,2,1,1,4,1,3,4,1,2,3,1,2,1,1,1,1,2,4,4,1,1,1,3,2,1,2,1,2,4,1,1,2,1,1,4,2,2,2,1,5,6,2,1,2,1,1,1,2,2,6,1,2,1,3,3,1,1,1,1,1,2,1,3,1,1,4,2,2,1,6,4,1,2,3,1,3,1,1,6,1,6,1,1,1,1,1,3,4,2,3,1,3,1,1,2,2,1,4,2,2,1,5,2,1,3,3,1,2,3,1,1,2,3,3,3,1,5,1,3,1,1,2,2,1,2,2,1,1,1,5,3,2,1,2,1,1,1,1,1,4,1,3,2,2,6,1,1,1,1,2,1,1,1,1,1,1,4,1,2,2,1,4,3,1,1,2,1,4,2,1,2,2,2,1,2,1,3,1,2,3,1,2,1,1,3,1,2,1,10
4194061,22,4850852,1741,5,17,1,1,1,1,1,2,1,2,1,11
4194061,22,7196672,1757,5,17,1,1,1,2,1,2,2,12
4194061,22,7245824,1769,5,17,1,2,1,2,2,1,1,12
4194061,915,9060595076,10175,464,451,2,1,2,1,3,2,1,6,4,3,1,1,3,2,1,4,1,1,2,5,1,1,3,2,1,1,1,4,4,2,4,1,5,6,2,3,2,2,2,2,1,1,2,5,2,1,2,1,4,2,2,1,2,1,1,3,1,1,2,2,1,1,2,2,4,1,1,1,2,1,9,1,2,1,1,1,1,3,4,1,4,1,2,2,1,2,11,2,1,3,7,7,1,1,2,2,7,3,1,2,4,3,4,3,1,1,1,4,1,2,2,4,1,4,2,2,2,5,1,1,2,1,1,1,11,1,2,2,1,4,4,1,1,1,1,1,1,1,1,2,1,1,1,2,2,1,1,2,2,2,1,2,2,3,1,3,1,1,1,3,1,2,1,2,4,1,1,1,1,1,1,1,1,2,2,6,4,1,2,2,2,4,2,6,1,1,5,3,2,2,2,2,1,2,3,3,1,1,2,1,3,1,1,6,2,1,1,1,1,2,1,2,1,2,1,2,3,1,1,1,2,1,4,1,1,5,2,2,4,3,1,2,1,3,4,1,2,2,1,1,2,2,2,4,2,1,3,1,1,2,3,2,1,3,1,4,1,2,2,2,1,2,2,2,4,2,5,2,1,4,2,1,2,2,3,2,3,1,1,2,2,1,3,1,1,3,3,2,1,1,1,3,2,1,2,1,2,1,2,2,2,1,1,1,1,2,6,2,2,2,1,4,2,3,2,2,1,4,1,1,9,1,1,7,1,2,1,1,1,2,1,1,3,1,1,1,1,1,3,3,1,2,4,1,1,1,3,2,1,5,1,1,1,1,1,1,2,1,3,2,3,2,1,1,1,1,3,1,2,1,4,1,1,1,2,2,2,1,1,1,1,2,4,1,1,1,1,1,4,1,1,2,3,2,2,3,1,1,4,1,4,2,2,5,3,1,1,1,1,8,4,1,1,1,1,2,1,2,2,3,5,2,3,2,2,1,2,3,1,1,4,1,1,1,1,1,1,6,1,8
4194061,22,5246696,1831,5,17,2,3,1,1,1,2,1,11
4194061,236,660139994,232229,124,112,1,1,2,1,3,2,1,1,2,3,1,1,1,2,1,1,4,2,5,1,6,5,3,1,3,3,4,1,1,1,1,2,2,1,2,1,5,2,2,1,2,2,7,1,1,1,1,1,3,2,1,3,1,6,2,2,2,2,1,1,1,1,5,2,4,2,3,1,1,8,2,2,2,1,1,3,2,1,1,2,4,1,3,3,3,2,1,4,3,1,1,3,3,1,1,2,1,1,1,2,1,1,1,1,1,2,2,2,3,2,1,3,1,4
4194061,22,6423716,1849,5,17,1,2,2,2,1,2,1,11
4194061,22,7639040,1865,5,17,1,2,1,1,1,2,2,12
4194061,22,4702532,1885,5,17,1,1,1,2,1,1,1,2,1,11
4194061,22,5402432,71047,5,17,2,6,1,1,1,5,1,5
4194061,22,3735176,43709,5,17,1,1,1,6,1,1,1,3,1,6
4194061,22,4370756,7297,5,17,1,3,1,2,1,1,1,2,1,9
4194061,22,5254148,5143,5,17,2,2,1,3,1,3,1,9
4194061,22,9967520,1963,5,17,3,5,1,1,1,11
4194061,22,7632416,18181,5,17,1,1,2,5,1,4,1,7
4194061,22,8130560,1985,5,17,1,3,1,1,2,1,1,12
4194061,22,10113536,19753,5,17,1,2,1,6,3,9
4194061,22,8155136,1991,5,17,2,4,1,1,2,12
4194061,22,5292356,1993,5,17,1,2,1,1,1,1,1,2,1,11
4194061,22,6032336,1999,5,17,2,1,1,4,1,1,1,11
4194061,22,10846856,2017,5,17,1,3,3,3,1,11
4194061,959,16451081192,34891,474,485,3,2,2,1,1,1,2,1,4,3,1,2,1,1,1,4,5,1,3,1,1,1,1,1,3,2,5,4,4,1,3,3,1,2,4,1,1,1,2,1,2,1,2,2,4,9,1,2,2,4,5,5,1,2,1,1,4,9,1,3,2,2,3,1,1,2,2,2,1,1,1,1,2,1,1,3,1,1,1,4,2,4,1,2,1,1,5,1,1,5,2,2,2,3,3,1,2,3,8,1,2,1,6,1,5,5,2,4,1,2,1,2,5,1,1,9,5,1,3,1,3,1,7,1,1,2,1,1,1,2,3,2,1,1,4,1,2,1,1,1,4,1,6,1,1,2,2,2,1,1,1,2,4,1,1,2,1,1,8,1,1,1,3,1,1,2,8,2,1,1,1,2,1,2,6,1,2,2,3,1,1,1,2,1,5,1,3,3,1,1,1,3,2,1,2,3,1,1,5,1,1,2,1,1,1,4,1,3,1,2,2,2,1,2,1,1,5,3,1,1,1,2,1,1,1,5,1,1,1,2,2,2,1,1,5,1,2,2,1,1,5,1,1,4,1,2,2,1,2,2,1,1,1,2,1,1,2,1,3,1,1,2,2,5,1,1,2,1,2,2,4,3,1,1,1,5,2,1,1,1,1,2,2,2,1,1,2,1,1,1,2,1,1,2,1,2,1,1,1,2,1,2,1,1,1,4,1,3,1,2,1,5,2,3,4,2,1,4,2,2,1,3,1,3,1,1,2,1,3,2,3,1,1,1,1,1,4,5,1,2,4,1,1,1,3,1,1,1,3,2,1,6,1,2,1,2,1,1,3,1,2,3,3,1,1,4,3,2,1,2,1,1,2,3,1,1,1,1,3,7,4,1,1,2,3,1,1,1,1,1,1,3,3,2,1,1,1,2,1,1,1,2,1,2,1,5,1,1,1,1,1,1,2,2,4,3,1,1,2,5,1,2,1,2,2,1,1,2,1,5,2,1,1,1,2,1,1,1,1,3,1,2,1,1,1,1,1,1,1,2,1,2,3,1,1,2,2,1,1,1,5,3,1,1,1,2,1,6,2,3,1,2,2,2,1,3,2,1,2,3,1,7
4194061,22,8376320,2045,5,17,1,1,1,3,1,1,2,12
4194061,22,5261600,8455,5,17,2,5,1,2,1,1,1,9
4194061,22,5247236,2071,5,17,2,2,1,3,1,1,1,11
4194061,22,8523776,2081,5,17,1,3,2,2,2,12
4194061,22,8044868,2497,5,17,1,3,1,1,2,2,1,11
4194061,22,5980484,2119,5,17,2,4,2,2,1,11
4194061,22,8818688,2153,5,17,1,2,1,2,1,1,2,12
4194061,786,611321780,121973,393,393,1,1,3,1,1,1,1,3,3,1,2,1,1,1,1,1,3,2,1,2,1,4,1,1,1,3,4,1,5,1,1,4,1,5,2,1,2,3,2,2,3,1,2,2,6,2,1,2,4,1,2,1,1,2,2,4,1,3,2,1,1,1,1,1,4,2,4,4,1,2,1,4,1,1,1,1,2,1,1,1,2,2,2,4,3,3,1,1,2,1,1,1,1,4,1,4,2,1,2,6,3,2,3,1,2,1,3,3,1,1,2,1,2,1,2,3,4,1,1,2,2,2,2,2,2,1,1,1,2,1,1,2,1,4,4,2,1,2,2,1,3,3,1,1,2,5,2,1,4,1,1,2,3,1,1,1,1,2,3,2,3,1,2,4,5,2,1,1,1,1,2,5,1,1,6,3,1,1,3,4,1,2,1,1,2,2,1,1,1,2,1,3,1,1,3,1,1,1,1,1,4,3,1,2,1,2,5,4,5,1,1,1,4,6,1,1,1,1,4,2,2,3,2,2,1,1,2,1,6,6,3,4,1,1,1,3,1,3,3,2,1,3,3,2,2,2,1,2,6,1,3,4,1,1,3,1,3,1,7,2,1,1,1,1,3,11,1,1,3,3,2,2,2,2,2,3,1,3,1,1,4,1,1,5,1,1,1,1,1,4,4,1,1,3,4,1,2,3,1,3,2,1,1,1,1,1,1,1,1,5,2,1,5,1,1,1,2,1,3,2,5,5,1,1,2,1,1,2,1,1,1,3,1,1,4,2,3,2,1,3,2,1,1,1,1,1,1,4,1,1,1,2,3,1,3,3,6,1,2,1,3,3,2,1,2,4,1,3,3,1,2,1,2,1,2,1,1,5,2,1,1,1,1,6
4194061,22,17702912,2161,5,17,1,4,4,13
4194061,22,6275396,2173,5,17,1,1,1,3,2,2,1,11
4194061,22,6472004,2209,5,17,1,3,2,1,1,2,1,11
4194061,22,6424040,2233,5,17,1,2,2,3,1,1,1,11
4194061,22,17049728,2243,5,17,4,7,1,10
4194061,915,821890028,38221,464,451,1,1,1,1,1,5,2,3,7,1,1,3,3,1,1,2,1,1,3,2,3,1,6,2,1,1,3,1,1,2,2,2,4,1,3,1,5,2,3,1,2,3,5,3,2,1,4,1,1,2,1,3,3,1,2,2,1,1,4,1,1,1,1,4,1,1,1,2,6,2,1,2,1,6,3,2,1,2,4,1,1,3,1,1,4,2,1,1,1,1,2,1,3,5,1,1,1,1,4,1,1,2,1,2,4,1,1,1,1,1,1,2,5,1,2,3,4,2,1,2,1,4,2,1,1,5,1,3,3,2,3,4,1,1,1,1,2,3,3,1,1,1,2,4,2,1,5,1,1,1,1,3,1,1,1,1,1,1,2,3,2,2,5,1,2,2,2,3,3,1,2,1,5,1,3,2,3,1,1,4,2,1,1,1,1,1,1,1,2,1,1,2,2,1,4,3,1,1,1,5,4,1,2,2,1,2,1,2,3,1,1,1,8,3,1,3,1,5,1,2,5,3,1,2,1,2,1,1,1,2,1,1,1,2,1,3,1,1,1,3,1,1,2,3,2,3,7,2,2,3,1,5,3,3,1,1,1,1,1,5,4,1,1,1,1,1,1,1,1,3,1,3,2,1,3,2,2,1,1,1,4,1,1,1,1,2,6,2,1,1,2,1,2,5,2,1,1,5,6,1,1,1,1,2,1,1,2,1,1,3,2,1,5,3,1,2,3,1,1,2,2,1,2,1,1,2,2,3,2,2,1,1,3,1,1,1,1,4,1,1,1,1,1,1,4,2,1,1,2,2,2,1,3,3,1,7,1,1,6,2,2,3,1,2,1,2,1,1,4,2,1,1,1,1,2,3,2,2,3,1,2,3,1,2,1,2,2,1,2,2,4,2,1,1,3,4,1,1,1,1,2,3,1,2,1,1,1,1,4,5,4,1,2,1,2,6,1,3,1,4,1,3,6,1,2,1,1,1,1,2,2,3,1,1,1,7,1,1,2,1,5,1,1,1,2,2,3,1,3,1,1,3,1,4,1,1,1,7
4194061,22,9968546,2267,5,17,3,1,1,6,1,10
4194061,22,4646912,2269,5,17,1,1,1,2,1,2,1,1,1,11
4194061,22,6865220,2281,5,17,1,2,1,2,2,2,1,11
4194061,22,9968708,2315,5,17,3,2,1,5,1,10
4194061,937,609478652,8917,469,468,1,1,4,1,1,2,3,1,3,3,2,1,2,1,2,8,1,2,1,3,3,1,2,1,2,2,1,3,4,2,1,1,2,6,1,1,2,1,2,2,5,2,3,2,2,1,1,3,1,3,1,3,2,2,3,1,2,3,2,1,5,1,3,1,1,2,1,3,1,2,2,2,1,1,1,5,1,1,4,1,2,1,1,1,1,1,8,2,1,4,1,2,2,2,4,2,3,1,2,1,1,1,1,3,2,3,3,2,1,1,1,1,1,1,1,2,1,1,2,1,1,1,2,1,3,1,4,1,1,1,1,1,1,1,1,1,2,1,2,2,1,1,2,1,2,2,1,11,6,1,4,1,1,1,1,4,2,3,1,2,1,3,2,1,1,1,1,2,2,1,1,3,3,2,1,1,1,2,2,1,1,1,1,1,2,4,1,2,1,2,3,1,3,3,1,4,1,5,4,1,1,2,1,3,6,1,2,1,2,2,2,3,1,3,1,5,1,1,3,1,1,1,1,1,2,1,2,1,1,6,1,3,1,2,2,1,6,8,2,1,4,1,3,1,5,5,1,1,2,2,1,2,2,1,6,1,2,1,2,1,1,4,1,4,2,1,2,2,2,1,3,1,1,2,2,2,1,1,1,1,4,1,1,1,3,3,5,2,1,2,6,1,2,1,2,6,6,1,1,2,1,4,6,1,1,6,2,1,1,1,1,1,2,2,1,4,1,1,2,3,2,2,2,4,1,1,1,1,1,1,1,1,1,3,4,1,2,2,1,3,2,1,1,1,2,1,1,3,3,3,1,1,2,1,1,3,2,2,1,4,1,2,1,2,1,1,2,3,1,1,2,5,1,2,2,1,2,1,6,1,4,1,2,1,3,2,2,1,2,3,1,2,1,1,1,1,3,1,1,2,1,1,1,2,1,1,2,1,2,1,2,1,1,2,3,3,1,2,2,2,1,2,4,3,2,1,3,2,2,3,8,3,7,1,1,2,1,2,1,2,3,2,1,2,1,1,3,1,2,1,6,1,1,2,1,2,1,3,1,4,1,1,1,1,1,4,2,1,1,2,1,9
4194061,22,6621728,2351,5,17,2,1,1,1,1,5,1,10
4194061,22,13505600,2357,5,17,1,1,3,6,1,10
4194061,22,9703424,2369,5,17,1,3,1,1,1,1,2,12
4194061,22,7801376,2405,5,17,1,1,2,1,1,5,1,10
4194061,22,10404002,2417,5,17,1,4,3,1,1,12
4194061,22,3091520,48305,5,17,1,4,1,2,1,3,1,2,1,6
4194061,22,8194592,2423,5,17,2,2,2,5,1,10
4194061,22,6033092,2447,5,17,2,1,1,2,1,4,1,10
4194061,22,9374240,2477,5,17,1,1,1,1,2,5,1,10
4194061,959,434953352,67673,474,485,1,2,4,2,1,2,4,2,2,2,1,2,3,1,1,1,1,1,3,4,2,1,1,5,1,2,9,2,1,2,1,1,1,1,2,2,2,2,1,1,1,2,2,3,2,1,3,1,1,1,1,1,1,3,1,1,2,2,2,1,1,1,2,1,1,4,3,1,2,8,3,1,1,1,1,5,1,2,1,1,2,1,3,3,5,3,3,4,2,1,4,1,1,4,4,3,1,4,1,3,1,1,1,1,5,1,1,1,2,2,2,1,2,2,1,5,2,3,3,2,2,3,1,1,1,4,1,1,6,5,1,2,1,4,1,3,2,1,1,1,3,2,2,1,2,1,1,2,1,2,1,1,2,1,2,2,1,3,2,3,1,4,1,2,1,2,4,1,1,2,3,1,1,3,5,1,1,1,4,5,4,2,4,1,3,1,1,1,3,1,3,3,1,1,2,4,1,1,1,1,1,1,1,2,4,1,4,1,1,2,3,1,2,1,1,2,1,1,1,3,1,4,1,3,3,2,5,3,3,2,2,2,4,3,1,2,2,4,6,1,1,1,1,1,4,1,3,2,1,1,5,6,6,4,6,3,1,1,2,1,2,1,2,3,4,2,1,2,5,2,2,6,2,3,1,1,1,3,1,1,4,1,1,3,2,2,1,3,4,1,2,3,1,1,2,2,10,3,1,5,2,4,4,1,1,2,1,3,2,3,1,1,1,2,1,4,5,4,3,1,2,7,5,1,1,6,1,2,3,1,2,1,1,2,3,1,4,1,1,1,3,3,3,2,3,1,1,3,3,1,4,4,3,1,2,2,3,3,1,1,1,7,4,1,1,1,1,1,2,1,1,5,1,1,2,5,2,3,5,2,1,1,2,1,1,4,1,2,2,1,1,2,1,2,1,1,4,1,1,1,5,1,2,3,3,3,4,3,2,2,1,2,1,3,2,3,1,1,1,4,1,1,2,2,3,5,2,1,1,3,3,1,1,1,1,1,1,1,1,2,2,1,1,5,2,2,1,6
4194061,22,7605956,2501,5,17,1,1,2,2,1,4,1,10
4194061,22,5248244,2519,5,17,2,2,1,1,1,4,1,10
4194061,22,5236736,2557,5,17,1,1,1,3,1,1,1,1,1,11
4194061,22,10514432,2567,5,17,2,5,3,12
4194061,22,5735696,2573,5,17,1,1,1,1,1,1,1,4,1,10
4194061,22,11733536,2585,5,17,1,2,3,5,1,10
4194061,22,5833460,2593,5,17,1,3,2,2,1,1,1,11
4194061,22,9969680,2603,5,17,3,4,1,3,1,10
4194061,22,5552912,73201,5,17,1,4,2,4,1,4,1,5
4194061,22,10735616,2621,5,17,1,1,1,4,3,12
4194061,981,1477837424,57979,479,502,3,1,2,1,1,2,3,3,1,1,2,1,5,1,1,2,2,1,2,4,2,1,1,2,2,1,2,1,2,5,2,1,1,2,1,2,1,1,1,1,2,1,3,2,1,1,1,2,1,1,1,3,2,2,3,2,1,1,1,1,3,1,1,1,2,4,1,2,1,2,2,1,1,1,1,4,1,1,1,5,1,3,1,1,1,1,1,1,2,1,1,1,1,2,2,5,3,5,1,4,1,2,2,1,2,2,1,1,1,1,3,1,2,1,3,3,3,1,1,4,2,2,5,1,1,2,1,1,1,2,2,1,1,2,1,2,1,2,1,4,1,1,1,2,2,2,2,1,2,2,5,3,1,1,1,1,1,1,2,1,2,1,1,1,3,1,1,3,3,3,1,3,5,1,2,2,2,1,1,3,3,2,1,2,1,2,1,2,1,1,1,2,2,1,1,3,1,2,5,1,1,3,2,1,1,1,1,1,3,4,7,2,3,1,1,1,4,1,1,1,2,1,1,1,1,1,2,3,4,2,1,5,1,1,1,3,1,2,1,1,4,1,3,1,3,1,1,2,3,1,1,4,1,2,5,2,6,1,1,1,1,4,1,1,1,2,1,1,1,5,2,5,2,1,2,2,2,1,3,2,1,1,3,3,2,3,3,3,1,1,3,2,4,2,1,2,3,7,1,1,2,1,1,4,3,4,2,2,2,1,1,2,1,1,2,1,1,1,5,1,3,1,1,1,1,1,6,2,3,1,1,3,1,1,1,3,1,1,3,1,1,5,2,1,2,1,1,5,4,2,1,1,1,2,2,6,1,5,7,1,9,4,2,3,1,1,2,1,1,1,6,1,2,1,1,2,1,4,2,1,1,1,1,1,6,8,1,1,1,1,1,1,1,1,1,1,2,1,1,1,1,4,5,1,1,3,1,3,1,2,1,5,1,1,1,1,3,1,1,3,2,2,1,5,4,1,1,5,2,1,1,1,1,1,2,1,2,2,1,1,1,1,4,2,1,1,1,4,2,1,1,4,1,1,3,2,1,2,4,1,1,1,4,1,3,1,1,2,3,2,1,2,1,2,1,3,2,5,1,1,4,1,1,2,1,2,1,2,5,3,3,1,1,3,1,4,3,2,2,6,1,1,1,2,2,7
4194061,22,6033416,2639,5,17,2,1,1,3,1,3,1,10
4194061,22,6718736,2663,5,17,2,3,2,4,1,10
4194061,22,5457920,2665,5,17,1,2,1,2,1,1,1,1,1,11
4194061,22,6915344,2681,5,17,1,2,2,1,1,4,1,10
4194061,22,7606280,2693,5,17,1,1,2,3,1,3,1,10
4194061,22,5248676,2711,5,17,2,2,1,2,1,3,1,10
4194061,22,7308560,2717,5,17,1,1,1,2,2,4,1,10
4194061,22,11177984,2729,5,17,1,2,1,3,3,12
4194061,22,9970112,2731,5,17,3,6,2,11
4194061,22,4851716,2765,5,17,1,1,1,1,1,2,1,3,1,10
4194061,22,6033632,2767,5,17,2,1,1,5,2,11
4194061,22,5312768,20753,5,17,1,5,1,2,1,1,1,1,1,8
4194061,22,7833728,61201,5,17,1,5,1,4,1,1,2,7
4194061,22,7606496,2821,5,17,1,1,2,5,2,11
4194061,22,8488208,2825,5,17,1,2,1,1,2,4,1,10
4194061,22,4288784,69193,5,17,1,2,1,1,1,4,1,5,1,5
4194061,22,3244160,25345,5,17,1,3,1,3,1,2,1,2,1,7
4194061,22,5249000,2855,5,17,2,3,1,1,1,3,1,10
4194061,22,6424580,2873,5,17,1,2,2,2,1,3,1,10
4194061,22,5900288,2881,5,17,1,3,1,1,1,1,1,1,1,11
4194061,22,3711632,37181,5,17,1,1,1,4,1,2,1,4,1,6
4194061,22,5924864,2893,5,17,1,1,1,1,1,4,2,11
4194061,22,4702856,2909,5,17,1,1,1,2,1,1,1,3,1,10
4194061,22,7328000,28625,5,17,1,6,1,1,1,2,2,8
4194061,22,10404164,2929,5,17,1,4,3,2,1,11
4194061,22,12062720,2945,5,17,1,3,1,2,3,12
4194061,22,9970976,2987,5,17,3,5,1,2,1,10
4194061,22,6424688,3001,5,17,1,2,2,4,2,11
4194061,22,5292680,3017,5,17,1,2,1,1,1,1,1,3,1,10
4194061,22,6034064,3023,5,17,2,1,1,4,1,2,1,10
4194061,22,6219776,3037,5,17,1,1,1,2,1,3,2,11
4194061,22,10847504,3041,5,17,1,3,3,4,1,10
4194061,22,7606928,3077,5,17,1,1,2,4,1,2,1,10
4194061,22,6305792,3079,5,17,2,5,2,1,1,11
4194061,22,5249540,3095,5,17,2,2,1,3,1,2,1,10
4194061,22,4269344,23113,5,17,1,2,1,1,1,5,1,2,1,7
4194061,22,6416384,3133,5,17,1,1,1,4,2,1,1,11
4194061,22,3236384,70273,5,17,1,3,1,2,1,2,1,5,1,5
4194061,22,5980808,3143,5,17,2,4,2,3,1,10
4194061,22,6440960,3145,5,17,1,2,1,1,1,3,2,11
4194061,22,4852040,3149,5,17,1,1,1,1,1,3,1,2,1,10
4194061,22,10237952,4999,5,17,2,6,3,11
4194061,22,6275720,3197,5,17,1,1,1,3,2,3,1,10
4194061,22,3681608,10493,5,17,1,1,1,3,1,2,1,3,1,8
4194061,22,6472328,3233,5,17,1,3,2,1,1,3,1,10
4194061,22,5249864,3239,5,17,2,3,1,2,1,2,1,10
4194061,22,6637568,3241,5,17,1,2,1,3,2,1,1,11
4194061,22,6424904,3257,5,17,1,2,2,3,1,2,1,10
4194061,22,6699008,3271,5,17,2,4,1,2,2,11
4194061,22,3673508,3293,5,17,1,1,1,2,1,2,1,2,1,10
4194061,22,6865544,3305,5,17,1,2,1,2,2,3,1,10
4194061,22,6785024,3313,5,17,1,4,2,1,1,1,1,11
4194061,22,6809600,3325,5,17,1,1,1,3,1,2,2,11
4194061,22,6883328,3361,5,17,1,3,2,3,2,11
4194061,22,4261028,3401,5,17,1,2,1,1,1,2,1,2,1,10
4194061,214,1680468482,255899,119,95,3,1,1,1,3,2,1,2,2,1,3,1,1,1,1,3,4,2,3,1,4,1,1,2,1,1,3,1,2,2,1,3,2,1,1,1,3,1,2,2,8,1,5,2,3,1,1,1,1,1,2,2,3,1,4,1,1,3,1,3,3,2,1,1,2,3,1,1,2,2,1,1,4,2,4,2,1,1,1,1,1,1,1,2,3,2,1,1,4,2,1,1,1,2,2,1,3,1,5,5,1,2,1,4,2,4,1,1,1,4
4194061,22,7030784,3433,5,17,1,2,1,2,1,2,2,11
4194061,22,7079936,3457,5,17,1,3,1,2,2,1,1,11
4194061,22,8045192,3521,5,17,1,3,1,1,2,3,1,10
4194061,22,5250512,3527,5,17,2,4,1,1,1,2,1,10
4194061,22,4186436,3581,5,17,1,1,1,3,1,1,1,2,1,10
4194061,22,4863812,17101,5,17,1,1,1,1,1,2,1,6,1,7
4194061,22,5833892,3617,5,17,1,3,2,2,1,2,1,10
4194061,22,7473152,3649,5,17,1,3,1,1,1,2,2,11
4194061,22,5276432,15047,5,17,2,4,1,4,1,1,1,8
4194061,22,4481348,3689,5,17,1,2,1,2,1,1,1,2,1,10
4194061,22,9973568,3755,5,17,3,6,1,1,1,10
4194061,22,6035360,3791,5,17,2,1,1,5,1,1,1,10
4194061,22,3294272,51473,5,17,1,5,1,2,1,2,1,2,1,6
4194061,22,10224128,19969,5,17,1,3,1,5,3,9
4194061,22,7608224,3845,5,17,1,1,2,5,1,1,1,10
4194061,22,7878656,3847,5,17,2,5,1,1,2,11
4194061,22,5593736,24577,5,17,1,3,1,4,2,3,1,7
4194061,22,6295808,24593,5,17,1,5,1,1,1,3,2,8
4194061,22,5251268,3863,5,17,2,2,1,4,1,1,1,10
4194061,22,7989248,3901,5,17,1,1,1,4,1,1,2,11
4194061,22,5071172,3905,5,17,1,3,1,1,1,1,1,2,1,10
4194061,22,4852688,3917,5,17,1,1,1,1,1,4,1,1,1,10
4194061,22,10404488,3953,5,17,1,4,3,3,1,10
4194061,22,5251592,4007,5,17,2,3,1,3,1,1,1,10
4194061,22,8210432,4009,5,17,1,2,1,3,1,1,2,11
4194061,22,6425552,4025,5,17,1,2,2,4,1,1,1,10
4194061,22,5634560,11005,5,17,1,1,1,3,1,4,2,9
4194061,22,4158464,4061,5,17,1,1,1,2,1,3,1,1,1,10
4194061,22,8357888,4081,5,17,1,4,2,2,2,11
4194061,22,3047456,95233,5,17,1,3,1,4,1,3,1,2,1,5
4194061,22,5611844,4103,5,17,2,5,2,2,1,10
4194061,22,7906304,7721,5,17,1,2,1,4,1,1,2,10
4194061,22,5759300,4157,5,17,1,1,1,4,2,2,1,10
4194061,22,4269056,4169,5,17,1,2,1,1,1,3,1,1,1,10
4194061,22,3681284,10205,5,17,1,1,1,2,1,3,1,3,1,8
4194061,22,8652800,4225,5,17,1,3,1,2,1,1,2,11
4194061,22,17371136,4241,5,17,1,5,4,12
4194061,22,6054212,4265,5,17,1,2,1,3,2,2,1,10
4194061,22,17060096,4291,5,17,4,8,1,9
4194061,22,5252240,4295,5,17,2,4,1,2,1,1,1,10
4194061,22,9975458,4315,5,17,3,1,1,7,1,9
4194061,22,3762752,58793,5,17,1,2,1,3,1,5,1,1,1,6
4194061,22,6250820,4337,5,17,1,4,2,1,1,2,1,10
4194061,22,11151488,4351,5,17,2,1,2,7,1,9
4194061,22,9975620,4363,5,17,3,2,1,6,1,9
4194061,22,5834216,4385,5,17,1,3,2,3,1,1,1,10
4194061,22,6624320,4399,5,17,2,1,1,1,1,6,1,9
4194061,22,4308224,16829,5,17,1,1,1,5,1,2,1,1,1,8
4194061,22,3723296,47549,5,17,1,1,1,5,1,3,1,2,1,6
4194061,22,6087200,34511,5,17,2,1,1,5,1,5,1,6
4194061,22,7803968,4453,5,17,1,1,2,1,1,6,1,9
4194061,22,4563968,4457,5,17,1,2,1,2,1,2,1,1,1,10
4194061,22,9975944,4459,5,17,3,3,1,5,1,9
4194061,22,8197184,4471,5,17,2,2,2,6,1,9
4194061,22,6644036,4481,5,17,1,3,1,2,2,2,1,10
4194061,22,6036548,4495,5,17,2,1,1,2,1,5,1,9
4194061,22,9376832,4525,5,17,1,1,1,1,2,6,1,9
4194061,22,5391092,10129,5,17,1,5,2,2,1,1,1,9
4194061,22,5252852,4567,5,17,2,2,1,1,1,5,1,9
4194061,22,5736992,4621,5,17,1,1,1,1,1,1,1,5,1,9
4194061,22,11736128,4633,5,17,1,2,3,6,1,9
4194061,22,9976592,4651,5,17,3,4,1,4,1,9
4194061,22,9537536,4657,5,17,1,4,1,1,1,1,2,11
4194061,22,4785152,4673,5,17,1,3,1,1,1,2,1,1,1,10
4194061,22,6036872,4687,5,17,2,1,1,3,1,4,1,9
4194061,22,6720032,4711,5,17,2,3,2,5,1,9
4194061,22,6916640,4729,5,17,1,2,2,1,1,5,1,9
4194061,22,5253284,4759,5,17,2,2,1,2,1,4,1,9
4194061,22,7309856,4765,5,17,1,1,1,2,2,5,1,9
4194061,22,4853444,4813,5,17,1,1,1,1,1,2,1,4,1,9
4194061,22,5253536,4871,5,17,2,5,1,1,1,1,1,10
4194061,22,5253608,4903,5,17,2,3,1,1,1,4,1,9
4194061,22,7823684,4913,5,17,1,4,1,1,2,2,1,10
4194061,22,6426308,4921,5,17,1,2,2,2,1,4,1,9
4194061,22,5043200,4925,5,17,1,1,1,4,1,1,1,1,1,10
4194061,22,4703504,4957,5,17,1,1,1,2,1,1,1,4,1,9
4194061,302,290873792,4997,139,163,1,1,2,3,2,3,10,6,2,6,1,3,2,2,2,1,2,1,1,2,4,1,1,2,2,5,1,1,1,4,5,1,1,2,3,2,2,2,1,4,2,4,3,8,2,1,3,1,3,1,2,1,2,2,1,1,1,1,2,6,4,3,1,2,2,1,2,3,1,1,1,1,3,1,3,3,5,1,1,2,1,1,2,2,1,1,1,5,4,2,2,1,4,2,1,1,1,1,1,1,2,1,2,2,1,3,1,1,2,6,1,3,1,1,1,3,3,1,2,7,2,3,5,2,3,1,1,1,1,3,3,12
4194061,22,6428576,7609,5,17,1,2,2,5,1,1,1,9
4194061,22,5153792,5033,5,17,1,2,1,3,1,1,1,1,1,10
4194061,22,9977888,5035,5,17,3,5,1,3,1,9
4194061,22,5775872,11281,5,17,1,5,1,1,1,1,1,1,1,9
4194061,22,10348544,5053,5,17,1,1,1,5,3,11
4194061,22,5293328,5065,5,17,1,2,1,1,1,1,1,4,1,9
4194061,22,6037520,5071,5,17,2,1,1,4,1,3,1,9
4194061,22,10848800,5089,5,17,1,3,3,5,1,9
4194061,22,5538548,5105,5,17,1,4,2,2,1,1,1,10
4194061,22,7610384,5125,5,17,1,1,2,4,1,3,1,9
4194061,22,10569728,5161,5,17,1,2,1,4,3,11
4194061,22,3772688,76585,5,17,1,2,1,5,1,1,1,4,1,5
4194061,22,4356608,8509,5,17,1,1,1,4,1,2,1,1,1,9
4194061,22,5981456,5191,5,17,2,4,2,4,1,9
4194061,22,4853768,5197,5,17,1,1,1,1,1,3,1,3,1,9
4194061,22,6498560,25385,5,17,1,2,1,5,1,2,2,8
4194061,22,6276368,5245,5,17,1,1,1,3,2,4,1,9
4194061,22,5374976,5249,5,17,1,3,1,2,1,1,1,1,1,10
4194061,22,6472976,5281,5,17,1,3,2,1,1,4,1,9
4194061,22,9978752,5291,5,17,3,7,2,10
4194061,22,6426632,5305,5,17,1,2,2,3,1,3,1,9
4194061,22,6037952,5327,5,17,2,1,1,6,2,10
4194061,22,3675812,5341,5,17,1,1,1,2,1,2,1,3,1,9
4194061,22,6866192,5353,5,17,1,2,1,2,2,4,1,9
4194061,22,7610816,5381,5,17,1,1,2,6,2,10
4194061,22,5528576,5399,5,17,2,2,1,5,2,10
4194061,22,3833888,119809,5,17,1,3,1,4,1,4,1,1,1,5
4194061,22,5862944,72481,5,17,1,3,2,5,1,4,1,5
4194061,22,11307008,5521,5,17,1,5,2,1,2,11
4194061,22,5676032,5543,5,17,2,3,1,4,2,10
4194061,22,6426848,5561,5,17,1,2,2,5,2,10
4194061,22,8045840,5569,5,17,1,3,1,1,2,4,1,9
4194061,22,5255120,5575,5,17,2,4,1,1,1,3,1,9
4194061,22,5731328,5597,5,17,1,1,1,2,1,4,2,10
4194061,22,3836480,59945,5,17,1,2,1,4,1,4,1,1,1,6
4194061,22,4186760,5629,5,17,1,1,1,3,1,1,1,3,1,9
4194061,22,5834756,5665,5,17,1,3,2,2,1,3,1,9
4194061,22,5817344,5681,5,17,1,4,1,1,1,1,1,1,1,10
4194061,22,5841920,5705,5,17,1,2,1,1,1,4,2,10
4194061,22,4481672,5737,5,17,1,2,1,2,1,1,1,3,1,9
4194061,22,10182980,5777,5,17,1,5,3,2,1,10
4194061,22,9980480,5803,5,17,3,6,1,2,1,9
4194061,22,11896832,5809,5,17,1,4,1,2,3,11
4194061,22,5970944,5831,5,17,2,4,1,3,2,10
4194061,22,6038816,5839,5,17,2,1,1,5,1,2,1,9
4194061,22,7611680,5893,5,17,1,1,2,5,1,2,1,9
4194061,22,5255876,5911,5,17,2,2,1,4,1,2,1,9
4194061,22,6063104,5921,5,17,1,3,2,4,2,10
4194061,22,5071496,5953,5,17,1,3,1,1,1,1,1,3,1,9
4194061,22,5283524,18199,5,17,2,2,1,4,1,4,1,7
4194061,22,4854416,5965,5,17,1,1,1,1,1,4,1,2,1,9
4194061,22,6136832,5993,5,17,1,2,1,2,1,3,2,10
4194061,22,10405136,6001,5,17,1,4,3,4,1,9
4194061,22,6167552,6023,5,17,2,6,2,1,1,10
4194061,22,4965440,69169,5,17,1,4,1,1,1,1,1,6,1,5
4194061,22,5256200,6055,5,17,2,3,1,3,1,2,1,9
4194061,22,6427280,6073,5,17,1,2,2,4,1,2,1,9
4194061,22,6222848,6077,5,17,1,1,1,5,2,1,1,10
4194061,22,3676676,6109,5,17,1,1,1,2,1,3,1,2,1,9
4194061,22,5612168,6151,5,17,2,5,2,3,1,9
4194061,22,6333440,6185,5,17,1,2,1,4,2,1,1,10
4194061,22,4898048,19133,5,17,1,1,1,6,1,1,1,1,1,8
4194061,22,5759624,6205,5,17,1,1,1,4,2,3,1,9
4194061,22,6358016,6209,5,17,1,3,1,1,1,3,2,10
4194061,22,4262216,6217,5,17,1,2,1,1,1,3,1,2,1,9
4194061,22,10082432,36011,5,17,3,7,1,4,1,6
4194061,22,6054536,6313,5,17,1,2,1,3,2,3,1,9
4194061,22,5256848,6343,5,17,2,4,1,2,1,2,1,9
4194061,22,6251144,6385,5,17,1,4,2,1,1,3,1,9
4194061,22,3677000,6397,5,17,1,1,1,3,1,2,1,2,1,9
4194061,22,6554624,6401,5,17,1,3,1,3,2,1,1,10
4194061,22,6560768,6407,5,17,2,5,1,2,2,10
4194061,22,6616064,6461,5,17,1,1,1,4,1,2,2,10
4194061,22,3330560,6505,5,17,1,2,1,2,1,2,1,2,1,9
4194061,22,3970976,29761,5,17,1,3,1,1,1,5,1,1,1,7
4194061,22,6702080,6545,5,17,1,5,2,1,1,1,1,10
4194061,22,6800384,6641,5,17,1,4,2,3,2,10
4194061,22,13666304,6673,5,17,1,5,1,1,3,11
4194061,22,3966116,6721,5,17,1,3,1,1,1,2,1,2,1,9
4194061,22,6947840,6785,5,17,1,3,1,2,1,2,2,10
4194061,22,3914240,7645,5,17,1,1,1,2,1,4,1,1,1,9
4194061,22,6996992,6833,5,17,1,4,1,2,2,1,1,10
4194061,22,5258144,6919,5,17,2,5,1,1,1,2,1,9
4194061,22,7824008,6961,5,17,1,4,1,1,2,3,1,9
4194061,22,3928388,6973,5,17,1,1,1,4,1,1,1,2,1,9
4194061,22,4075844,7081,5,17,1,2,1,3,1,1,1,2,1,9
4194061,22,5542400,10825,5,17,1,2,1,1,1,5,2,9
4194061,22,5538980,7153,5,17,1,4,2,2,1,2,1,9
4194061,22,7390208,7217,5,17,1,4,1,1,1,2,2,10
4194061,22,5839940,17953,5,17,1,3,2,2,1,5,1,7
4194061,22,5268548,11543,5,17,2,2,1,5,1,2,1,8
4194061,22,9985664,7339,5,17,3,7,1,1,1,9
4194061,22,6041408,7375,5,17,2,1,1,6,1,1,1,9
4194061,22,5259332,7447,5,17,2,2,1,5,1,1,1,9
4194061,22,7740416,7559,5,17,2,6,1,1,2,10
4194061,22,5259656,7591,5,17,2,3,1,4,1,1,1,9
4194061,22,5849120,39713,5,17,1,3,2,5,1,3,1,6
4194061,22,4960580,7729,5,17,1,4,1,1,1,1,1,2,1,9
4194061,22,4262864,7753,5,17,1,2,1,1,1,4,1,1,1,9
4194061,22,3050048,47657,5,17,1,2,1,4,1,3,1,2,1,6
4194061,22,10183304,7825,5,17,1,5,3,3,1,9
4194061,22,5260304,7879,5,17,2,4,1,3,1,1,1,9
4194061,22,4061696,7933,5,17,1,1,1,3,1,3,1,1,1,9
4194061,22,8127488,7937,5,17,1,3,1,3,1,1,2,10
4194061,22,5835728,7969,5,17,1,3,2,4,1,1,1,9
4194061,22,7617296,9221,5,17,1,1,2,4,1,4,1,8
4194061,22,4116992,8041,5,17,1,2,1,2,1,3,1,1,1,9
4194061,22,5502224,20413,5,17,1,1,1,5,2,4,1,7
4194061,22,5427524,8071,5,17,2,6,2,2,1,9
4194061,22,8274944,8081,5,17,1,5,2,2,2,10
4194061,22,5501252,8125,5,17,1,1,1,5,2,2,1,9
4194061,428,80025276008,34453,238,190,1,1,6,1,1,1,6,4,3,2,1,3,1,2,2,1,2,1,1,3,1,2,1,2,1,2,3,1,7,2,6,2,1,1,1,1,3,1,1,1,11,1,1,2,3,2,2,2,3,1,2,1,4,1,2,1,2,1,2,2,1,1,2,1,5,1,2,1,5,3,1,1,1,1,1,2,3,4,4,1,1,1,2,1,2,3,1,1,3,2,1,1,3,1,2,1,1,1,3,1,7,1,1,6,1,2,2,1,2,1,2,2,1,2,1,1,1,2,3,1,1,1,3,2,2,4,1,4,2,1,4,3,2,1,4,1,1,1,4,1,1,2,1,1,2,1,1,1,1,3,3,2,1,1,1,1,1,2,1,3,3,2,2,2,1,2,1,4,4,1,1,3,4,2,2,1,2,2,4,2,1,3,8,2,1,2,3,1,2,3,1,1,1,1,4,1,3,1,1,3,1,3,1,6,2,1,1,2,1,7
4194061,22,5648708,8233,5,17,1,2,1,4,2,2,1,9
4194061,22,4227584,8257,5,17,1,3,1,1,1,3,1,1,1,9
4194061,22,8569856,8369,5,17,1,4,1,2,1,1,2,10
4194061,22,17080832,8387,5,17,4,9,1,8
4194061,22,9989282,8411,5,17,3,1,1,8,1,8
4194061,22,11161856,8447,5,17,2,1,2,8,1,8
4194061,22,9989444,8459,5,17,3,2,1,7,1,8
4194061,22,6629504,8495,5,17,2,1,1,1,1,7,1,8
4194061,22,13521152,8501,5,17,1,1,3,8,1,8
4194061,22,7809152,8549,5,17,1,1,2,1,1,7,1,8
4194061,22,9989768,8555,5,17,3,3,1,6,1,8
4194061,22,8202368,8567,5,17,2,2,2,7,1,8
4194061,22,6043460,8591,5,17,2,1,1,2,1,6,1,8
4194061,22,6140228,8593,5,17,1,5,2,1,1,2,1,9
4194061,22,4411904,8617,5,17,1,2,1,3,1,2,1,1,1,9
4194061,22,7616324,8645,5,17,1,1,2,2,1,6,1,8
4194061,22,5262068,8663,5,17,2,2,1,1,1,6,1,8
4194061,22,5539304,8689,5,17,1,4,2,3,1,1,1,9
4194061,22,5739584,8717,5,17,1,1,1,1,1,1,1,6,1,8
4194061,22,11741312,8729,5,17,1,2,3,7,1,8
4194061,22,9990416,8747,5,17,3,4,1,5,1,8
4194061,22,6043784,8783,5,17,2,1,1,3,1,5,1,8
4194061,22,6722624,8807,5,17,2,3,2,6,1,8
4194061,22,6919232,8825,5,17,1,2,2,1,1,6,1,8
4194061,22,4522496,8833,5,17,1,3,1,2,1,2,1,1,1,9
4194061,22,5262500,8855,5,17,2,2,1,2,1,5,1,8
4194061,22,7312448,8861,5,17,1,1,1,2,2,6,1,8
4194061,22,6533444,8881,5,17,1,4,1,2,2,2,1,9
4194061,22,4856900,8909,5,17,1,1,1,1,1,2,1,5,1,8
4194061,22,8492096,8969,5,17,1,2,1,1,2,6,1,8
4194061,22,5262824,8999,5,17,2,3,1,1,1,5,1,8
4194061,22,6429764,9017,5,17,1,2,2,2,1,5,1,8
4194061,22,4704800,9053,5,17,1,1,1,2,1,1,1,5,1,8
4194061,22,5294624,9161,5,17,1,2,1,1,1,1,1,5,1,8
4194061,22,6044432,9167,5,17,2,1,1,4,1,4,1,8
4194061,22,10851392,9185,5,17,1,3,3,6,1,8
4194061,22,5621888,43921,5,17,1,5,2,5,2,7
4194061,22,5263364,9239,5,17,2,2,1,3,1,4,1,8
4194061,22,5982752,9287,5,17,2,4,2,5,1,8
4194061,22,4857224,9293,5,17,1,1,1,1,1,3,1,4,1,8
4194061,22,5263688,9383,5,17,2,3,1,2,1,4,1,8
4194061,22,6430088,9401,5,17,1,2,2,3,1,4,1,8
4194061,22,4915328,38401,5,17,1,3,1,5,1,1,1,1,1,7
4194061,22,10072226,9425,5,17,1,6,3,1,1,10
4194061,22,3680420,9437,5,17,1,1,1,2,1,2,1,4,1,8
4194061,22,6867488,9449,5,17,1,2,1,2,2,5,1,8
4194061,22,4263620,9545,5,17,1,2,1,1,1,2,1,4,1,8
4194061,22,5264192,9607,5,17,2,6,1,1,1,1,1,9
4194061,22,5264336,9671,5,17,2,4,1,1,1,4,1,8
4194061,22,11813888,11537,5,17,1,5,1,2,3,10
4194061,22,3760160,80317,5,17,1,1,1,5,1,3,1,3,1,5
4194061,22,4187408,9725,5,17,1,1,1,3,1,1,1,4,1,8
4194061,32,646955804,5770483,19,13,10,1,2,2,2,4,1,2,1,1,1,1,1,1,1,1
4194061,22,7713092,9745,5,17,1,5,1,1,2,2,1,9
4194061,22,5836484,9761,5,17,1,3,2,2,1,4,1,8
4194061,22,5001728,9769,5,17,1,2,1,4,1,1,1,1,1,9
4194061,22,4482320,9833,5,17,1,2,1,2,1,1,1,4,1,8
4194061,22,9994304,9899,5,17,3,6,1,3,1,8
4194061,22,10155008,9917,5,17,1,1,1,6,3,10
4194061,22,6045728,9935,5,17,2,1,1,5,1,3,1,8
4194061,937,3885978872,31783,469,468,2,3,1,1,2,2,1,1,1,4,4,1,1,3,1,5,1,2,2,5,2,1,1,2,1,1,2,1,1,6,1,1,5,1,8,3,2,1,1,1,2,1,2,1,8,1,3,3,2,1,3,1,1,2,1,1,1,2,1,2,1,3,2,2,1,1,1,3,10,1,3,3,2,1,4,1,1,1,2,1,1,2,1,1,1,1,1,1,3,5,1,1,2,1,4,1,2,1,1,2,1,1,2,1,1,3,3,2,1,1,3,1,3,1,1,1,1,1,1,2,3,2,1,2,2,2,2,3,2,2,2,1,1,3,2,2,1,1,3,3,2,3,1,3,3,5,2,1,1,1,3,1,1,1,6,1,3,4,2,1,1,1,2,2,1,2,1,2,1,1,1,2,3,6,1,1,2,1,3,1,3,6,3,1,1,1,2,1,1,1,3,2,2,1,1,2,1,2,1,1,2,2,2,2,1,7,2,2,2,2,2,2,2,1,3,3,1,3,3,2,1,4,1,1,5,1,1,2,7,1,1,3,1,3,1,1,2,1,1,2,1,1,1,1,1,1,1,1,2,4,6,1,1,3,1,2,1,3,2,6,1,4,4,1,1,1,2,2,1,5,2,3,1,5,3,1,2,5,4,2,2,4,7,1,2,1,1,1,4,2,2,2,5,1,2,3,1,6,2,2,1,6,1,5,2,2,1,1,1,3,6,2,2,2,4,2,1,1,1,3,6,1,2,1,1,2,1,1,1,1,5,1,1,4,3,2,3,4,2,5,4,2,1,1,2,1,2,4,5,1,1,2,1,1,1,1,2,1,1,3,1,3,1,2,3,1,1,5,1,1,1,3,1,2,2,1,1,1,6,1,1,1,3,5,1,2,1,1,3,3,1,2,1,2,1,2,2,1,4,2,2,1,1,2,1,1,7,3,1,1,2,1,1,2,6,3,1,3,3,2,2,6,5,3,5,2,2,1,1,1,1,1,1,1,3,2,1,2,2,1,1,1,1,1,4,2,2,1,3,11
4194061,22,5112320,9985,5,17,1,3,1,3,1,1,1,1,1,9
4194061,22,5265092,10007,5,17,2,2,1,4,1,3,1,8
4194061,22,5072144,10049,5,17,1,3,1,1,1,1,1,4,1,8
4194061,22,4857872,10061,5,17,1,1,1,1,1,4,1,3,1,8
4194061,22,10406432,10097,5,17,1,4,3,5,1,8
4194061,22,5265416,10151,5,17,2,3,1,3,1,3,1,8
4194061,22,6430736,10169,5,17,1,2,2,4,1,3,1,8
4194061,22,5612816,10247,5,17,2,5,2,4,1,8
4194061,22,5556800,86825,5,17,1,2,1,5,1,4,2,6
4194061,22,5760272,10301,5,17,1,1,1,4,2,4,1,8
4194061,22,4263944,10313,5,17,1,2,1,1,1,3,1,3,1,8
4194061,22,6055184,10409,5,17,1,2,1,3,2,4,1,8
4194061,22,9996032,10411,5,17,3,8,2,9
4194061,22,5333504,10417,5,17,1,4,1,2,1,1,1,1,1,9
4194061,22,5266064,10439,5,17,2,4,1,2,1,3,1,8
4194061,22,6046592,10447,5,17,2,1,1,7,2,9
4194061,22,6251792,10481,5,17,1,4,2,1,1,4,1,8
4194061,22,7619456,10501,5,17,1,1,2,7,2,9
4194061,22,5385728,10519,5,17,2,2,1,6,2,9
4194061,22,5836808,10529,5,17,1,3,2,3,1,3,1,8
4194061,22,3883136,30337,5,17,1,3,1,2,1,4,1,1,1,7
4194061,22,5413376,10573,5,17,1,1,1,1,1,6,2,9
4194061,22,3289736,10601,5,17,1,2,1,2,1,2,1,3,1,8
4194061,22,6645008,10625,5,17,1,3,1,2,2,4,1,8
4194061,22,5459456,10663,5,17,2,3,1,5,2,9
4194061,22,10929152,10673,5,17,1,4,1,3,3,10
4194061,22,6431168,10681,5,17,1,2,2,6,2,9
4194061,22,5487104,10717,5,17,1,1,1,2,1,5,2,9
4194061,22,3865856,15101,5,17,1,1,1,3,1,4,1,1,1,8
4194061,22,3966980,10817,5,17,1,3,1,1,1,2,1,3,1,8
4194061,22,5606912,10951,5,17,2,4,1,4,2,9
4194061,22,6457088,25223,5,17,2,7,1,2,2,8
4194061,22,5267360,11015,5,17,2,5,1,1,1,3,1,8
4194061,22,5837024,11041,5,17,1,3,2,5,2,9
4194061,22,3928712,11069,5,17,1,1,1,4,1,1,1,3,1,8
4194061,22,5689856,11113,5,17,1,2,1,2,1,4,2,9
4194061,22,7840256,15313,5,17,1,6,1,1,2,1,1,9
4194061,22,5800448,11329,5,17,1,3,1,1,1,4,2,9
4194061,22,5614112,18439,5,17,2,5,2,5,1,7
4194061,22,9999488,11435,5,17,3,7,1,2,1,8
4194061,22,10072388,11473,5,17,1,6,3,2,1,9
4194061,22,7621184,11525,5,17,1,1,2,6,1,2,1,8
4194061,22,5901824,11527,5,17,2,5,1,3,2,9
4194061,22,5438720,21245,5,17,1,1,1,3,1,5,2,8
4194061,22,5929472,11581,5,17,1,1,1,4,1,3,2,9
4194061,22,4859168,11597,5,17,1,1,1,1,1,5,1,2,1,8
4194061,22,6535712,37553,5,17,1,4,1,2,2,5,1,6
4194061,22,5268872,11687,5,17,2,3,1,4,1,2,1,8
4194061,22,5984768,11689,5,17,1,2,1,3,1,3,2,9
4194061,22,3995168,124849,5,17,1,4,1,4,1,3,1,1,1,5
4194061,22,6432032,11705,5,17,1,2,2,5,1,2,1,8
4194061,22,3683012,11741,5,17,1,1,1,2,1,4,1,2,1,8
4194061,22,6021632,11761,5,17,1,4,2,4,2,9
4194061,22,5394440,41873,5,17,1,5,2,3,1,3,1,6
4194061,22,4960904,11825,5,17,1,4,1,1,1,1,1,3,1,8
4194061,236,494487866,170687,124,112,2,1,2,1,2,2,1,2,1,3,1,2,5,1,2,1,1,1,2,1,3,3,4,1,6,2,1,2,2,2,7,1,1,1,1,2,2,2,1,3,2,1,5,1,2,1,1,1,3,4,2,2,1,1,4,4,1,3,1,2,1,1,3,1,1,2,2,3,1,2,1,1,1,3,1,2,1,1,1,2,2,1,2,2,3,3,3,1,2,2,1,1,2,1,3,2,1,1,1,1,3,1,3,3,1,3,4,1,2,1,1,2,2,1,1,2,1,1,2,1,1,5,1,4
4194061,22,4264592,11849,5,17,1,2,1,1,1,4,1,2,1,8
4194061,22,6095360,11905,5,17,1,3,1,2,1,3,2,9
4194061,22,6098432,11911,5,17,2,7,2,1,1,9
4194061,22,3748496,69949,5,17,1,1,1,4,1,2,1,5,1,5
4194061,22,6126080,11965,5,17,1,1,1,6,2,1,1,9
4194061,22,3767936,29437,5,17,1,1,1,3,1,5,1,1,1,7
4194061,22,5269520,11975,5,17,2,4,1,3,1,2,1,8
4194061,22,5837456,12065,5,17,1,3,2,4,1,2,1,8
4194061,22,10016930,16603,5,17,3,1,1,9,1,7
4194061,22,6437648,18361,5,17,1,2,2,4,1,4,1,7
4194061,22,5427848,12167,5,17,2,6,2,3,1,8
4194061,22,6291968,12289,5,17,1,3,1,4,2,1,1,9
4194061,22,5649032,12329,5,17,1,2,1,4,2,3,1,8
4194061,22,6316544,12337,5,17,1,4,1,1,1,3,2,9
4194061,22,3967304,12353,5,17,1,3,1,1,1,3,1,2,1,8
4194061,236,725710628,162797,124,112,1,1,1,1,3,2,2,3,3,1,2,1,4,1,1,2,9,2,1,2,1,1,1,1,1,1,1,1,1,4,4,2,1,1,5,2,1,3,1,1,1,1,1,1,4,4,3,1,2,1,6,3,3,5,6,2,1,2,3,4,1,4,1,1,1,1,1,3,2,1,2,1,3,1,1,1,2,1,2,1,1,1,6,1,2,1,1,3,1,2,1,2,2,3,2,2,1,1,2,2,2,3,3,2,1,2,1,1,2,5,2,1,2,1,1,1,1,6
4194061,22,5990528,33863,5,17,2,4,2,7,1,6
4194061,22,6492416,25361,5,17,1,5,1,3,2,1,1,8
4194061,22,5270816,12551,5,17,2,5,1,2,1,2,1,8
4194061,22,3683984,12605,5,17,1,1,1,4,1,2,1,2,1,8
4194061,22,6491648,12679,5,17,2,6,1,2,2,9
4194061,22,6140552,12689,5,17,1,5,2,1,1,3,1,8
4194061,22,3254528,12713,5,17,1,2,1,3,1,2,1,2,1,8
4194061,22,6513152,12721,5,17,1,4,1,3,2,1,1,9
4194061,22,6519296,12733,5,17,1,1,1,5,1,2,2,9
4194061,22,5540168,12785,5,17,1,4,2,3,1,2,1,8
4194061,22,6574592,12841,5,17,1,2,1,4,1,2,2,9
4194061,22,3309824,12929,5,17,1,3,1,2,1,2,1,2,1,8
4194061,22,6533768,12977,5,17,1,4,1,2,2,3,1,8
4194061,22,3208736,100273,5,17,1,4,1,4,1,2,1,2,1,5
4194061,22,6660608,13009,5,17,1,6,2,1,1,1,1,9
4194061,22,6758912,13201,5,17,1,5,2,3,2,9
4194061,22,5908736,23081,5,17,1,2,1,4,1,3,2,8
4194061,22,3818660,13361,5,17,1,4,1,1,1,2,1,2,1,8
4194061,22,6906368,13489,5,17,1,4,1,2,1,2,2,9
4194061,22,6955520,13585,5,17,1,5,1,2,2,1,1,9
4194061,22,5273408,13703,5,17,2,6,1,1,1,2,1,8
4194061,22,3799364,13757,5,17,1,1,1,5,1,1,1,2,1,8
4194061,22,7713416,13841,5,17,1,5,1,1,2,3,1,8
4194061,22,3873092,13865,5,17,1,2,1,4,1,1,1,2,1,8
4194061,22,4925696,19241,5,17,1,2,1,5,1,1,1,1,1,8
4194061,22,4020548,14081,5,17,1,3,1,3,1,1,1,2,1,8
4194061,22,5391524,14225,5,17,1,5,2,2,1,2,1,8
4194061,22,5650976,36905,5,17,1,2,1,4,2,5,1,6
